Player,Team,Position,CapValue,Year
Kyler Murray,ARI,QB,49118177.0,2024
Matthew Stafford,LAR,QB,46174541.0,2024
Dak Prescott,DAL,QB,44624800.0,2024
Patrick Mahomes,KC,QB,37008269.0,2024
Lamar Jackson,BAL,QB,32400000.0,2024
T.J. Watt,PIT,OLB,30418694.0,2024
Josh Allen,BUF,QB,30356281.0,2024
Maxx Crosby,LV,DL,30253250.0,2024
Cooper Kupp,LAR,WR,29780000.0,2024
Joe Burrow,CIN,QB,29714000.0,2024
Deshaun Watson,CLE,QB,27942678.0,2024
Chris Godwin,TB,WR,27534000.0,2024
Jared Goff,DET,QB,27211000.0,2024
Joe Thuney,KC,,26971713.0,2024
Geno Smith,SEA,QB,26400000.0,2024
Kenny Clark,GB,DL,26365000.0,2024
Joey Bosa,LAC,OLB,26111667.0,2024
Laremy Tunsil,HOU,,25855870.0,2024
Khalil Mack,LAC,OLB,25595000.0,2024
Quenton Nelson,IND,,25200000.0,2024
Montez Sweat,CHI,DE,25085200.0,2024
Kirk Cousins,ATL,QB,25000000.0,2024
Christian Kirk,JAX,WR,24119294.0,2024
Terry McLaurin,WAS,WR,24100000.0,2024
Jaire Alexander,GB,CB,23981645.0,2024
Harold Landry,TEN,LB,23800000.0,2024
Taylor Moton,CAR,,23347916.0,2024
Keenan Allen,CHI,WR,23100000.0,2024
Brian O'Neill,MIN,,22930868.0,2024
Marlon Humphrey,BAL,CB,22877800.0,2024
Tremaine Edmunds,CHI,LB,22437500.0,2024
Budda Baker,ARI,S,22086250.0,2024
Tee Higgins,CIN,WR,21816000.0,2024
Jake Matthews,ATL,,21773713.0,2024
Jeffery Simmons,TEN,DL,21652932.0,2024
Trent Williams,SF,,21614953.0,2024
Daron Payne,WAS,DL,21610000.0,2024
Minkah Fitzpatrick,PIT,SS,21355000.0,2024
Jonathan Allen,WAS,DL,20970588.0,2024
Vita Vea,TB,DL,20965054.0,2024
Garett Bolles,DEN,,20807245.0,2024
Jordan Love,GB,QB,20757731.0,2024
DeMarcus Lawrence,DAL,DE,20445000.0,2024
Quinnen Williams,NYJ,DL,20400000.0,2024
Grady Jarrett,ATL,DL,20375000.0,2024
Myles Garrett,CLE,DE,20168895.0,2024
Andrew Thomas,NYG,,19687941.0,2024
Travis Kelce,KC,TE,19551667.0,2024
Jawaan Taylor,KC,,19391666.0,2024
Justin Herbert,LAC,QB,19345675.0,2024
Derwin James,LAC,SS,19148066.0,2024
Tyler Lockett,SEA,WR,18895000.0,2024
Charvarius Ward,SF,CB,18401000.0,2024
Tyreek Hill,MIA,WR,18367926.0,2024
Marcus Williams,BAL,S,18027918.0,2024
Michael Pittman Jr.,IND,WR,18000000.0,2024
Aaron Rodgers,NYJ,QB,17161112.0,2024
Ronnie Stanley,BAL,,17050593.0,2024
Mark Andrews,BAL,TE,16907611.0,2024
Braden Smith,IND,,16683000.0,2024
Orlando Brown Jr.,CIN,,16398000.0,2024
Alvin Kamara,NO,RB,16163824.0,2024
Lane Johnson,PHI,,15865000.0,2024
Bradley Chubb,MIA,LB,15813841.0,2024
Foyesade Oluokun,JAX,LB,15750668.0,2024
Kolton Miller,LV,,15681500.0,2024
D.J. Reed,NYJ,CB,15636165.0,2024
Brian Burns,NYG,LB,15500000.0,2024
Zack Martin,DAL,,15500000.0,2024
Trevor Lawrence,JAX,QB,15029725.0,2024
D.K. Metcalf,SEA,WR,15000000.0,2024
Von Miller,BUF,DE,14820666.0,2024
Rob Havenstein,LAR,,14703294.0,2024
Nick Bosa,SF,DE,14671000.0,2024
Jamel Dean,TB,CB,14666343.0,2024
Ryan Kelly,IND,C,14625000.0,2024
Elgton Jenkins,GB,,14429412.0,2024
Dexter Lawrence,NYG,DL,14340482.0,2024
Justin Reid,KC,SS,14250000.0,2024
Trevon Diggs,DAL,CB,14117647.0,2024
Cameron Jordan,NO,DE,13852250.0,2024
Danielle Hunter,HOU,DE,13700000.0,2024
Jonah Jackson,LAR,,13676745.0,2024
Jalen Hurts,PHI,QB,13558800.0,2024
Larry Ogunjobi,PIT,DL,13283333.0,2024
Jaylon Johnson,CHI,CB,13000000.0,2024
D.J. Jones,DEN,DL,12958334.0,2024
Frank Ragnow,DET,C,12800000.0,2024
Derek Carr,NO,QB,12668000.0,2024
Kevin Dotson,LAR,,12666666.0,2024
Fred Warner,SF,LB,12649000.0,2024
Tyler Higbee,LAR,TE,12608631.0,2024
Cameron Heyward,PIT,DL,12606250.0,2024
Jonathan Jones,NE,CB,12573529.0,2024
Deebo Samuel,SF,WR,12556165.0,2024
Kaleb McGary,ATL,,12500000.0,2024
Jalen Thompson,ARI,SS,12467750.0,2024
Matt Milano,BUF,LB,12437000.0,2024
Ryan Ramczyk,NO,,12293321.0,2024
George Kittle,SF,TE,12204575.0,2024
Allen Lazard,NYJ,WR,12184000.0,2024
Joel Bitonio,CLE,,12140985.0,2024
Denzel Ward,CLE,CB,12138918.0,2024
A.J. Brown,PHI,WR,11878894.0,2024
Sheldon Rankins,CIN,DL,11705882.0,2024
Jordan Mailata,PHI,,11666000.0,2024
Joseph Noteboom,LAR,,11617647.0,2024
Wyatt Teller,CLE,,11616915.0,2024
Cole Kmet,CHI,TE,11600000.0,2024
Brandon Scherff,JAX,,11567000.0,2024
Dion Dawkins,BUF,,11509833.0,2024
James Conner,ARI,RB,11232560.0,2024
James Daniels,PIT,,11166668.0,2024
Joshua Hines-Allen,JAX,DE,11150000.0,2024
Rashan Gary,GB,DE,11146138.0,2024
Charles Omenihu,KC,DE,10970000.0,2024
Taylor Decker,DET,,10958000.0,2024
Mike Onwenu,NE,,10941176.0,2024
Byron Murphy,MIN,CB,10911754.0,2024
B.J. Hill,CIN,DL,10833334.0,2024
Dre'Mont Jones,SEA,DE,10770416.0,2024
Darius Slay,PHI,CB,10666000.0,2024
Jonathan Taylor,IND,RB,10666000.0,2024
Jack Conklin,CLE,,10560406.0,2024
Terron Armstead,MIA,,10556102.0,2024
Kyle Pitts,ATL,TE,10471522.0,2024
Leonard Williams,SEA,DE,10400000.0,2024
Grover Stewart,IND,DL,10320000.0,2024
Travon Walker,JAX,DE,10192534.0,2024
Isaac Seumalo,PIT,,10191666.0,2024
Austin Corbett,CAR,C,10133000.0,2024
Sam Hubbard,CIN,DE,10120575.0,2024
Christian Wilkins,LV,DL,10012000.0,2024
Jessie Bates III,ATL,FS,10000000.0,2024
Brandin Cooks,DAL,WR,10000000.0,2024
Calvin Ridley,TEN,WR,10000000.0,2024
Adam Thielen,CAR,WR,9917000.0,2024
Roquan Smith,BAL,LB,9843750.0,2024
Ja'Marr Chase,CIN,WR,9806250.0,2024
Haason Reddick,NYJ,LB,9776678.0,2024
Aidan Hutchinson,DET,DE,9740015.0,2024
Ed Oliver,BUF,DL,9725000.0,2024
Robert Woods,HOU,WR,9705882.0,2024
Patrick Surtain II,DEN,CB,9669952.0,2024
David Njoku,CLE,TE,9645000.0,2024
Davon Godchaux,NE,DL,9633333.0,2024
Dre Greenlaw,SF,LB,9602970.0,2024
Tua Tagovailoa,MIA,QB,9526890.0,2024
L'Jarius Sneed,TEN,CB,9520000.0,2024
Jakobi Meyers,LV,WR,9477613.0,2024
Derek Stingley Jr.,HOU,CB,9452049.0,2024
Andrew Wylie,WAS,,9416666.0,2024
Amani Hooker,TEN,SS,9317644.0,2024
Alex Cappa,CIN,,9250000.0,2024
Taysom Hill,NO,TE,9196500.0,2024
Dallas Goedert,PHI,TE,9131583.0,2024
Ahmad Gardner,NYJ,CB,9122946.0,2024
Jaylen Waddle,MIA,WR,9094326.0,2024
Chris Lindstrom,ATL,,9050000.0,2024
Logan Wilson,CIN,LB,9050000.0,2024
Demario Davis,NO,LB,9033000.0,2024
Javon Hargrave,SF,DL,8777352.0,2024
CeeDee Lamb,DAL,WR,8750000.0,2024
Trey Pipkins,LAC,,8750000.0,2024
DeMarcus Walker,CHI,DE,8666666.0,2024
Bryce Young,CAR,QB,8626153.0,2024
Justin Jefferson,MIN,WR,8612600.0,2024
Zaire Franklin,IND,LB,8610000.0,2024
Kayvon Thibodeaux,NYG,LB,8547010.0,2024
Lavonte David,TB,LB,8500000.0,2024
Kaden Elliss,ATL,LB,8500000.0,2024
Taron Johnson,BUF,CB,8447500.0,2024
Tytus Howard,HOU,,8405877.0,2024
DeForest Buckner,IND,DL,8350000.0,2024
A.J. Terrell,ATL,CB,8344000.0,2024
C.J. Stroud,HOU,QB,8245283.0,2024
Brandon Graham,PHI,DE,8198000.0,2024
Penei Sewell,DET,,8167649.0,2024
DeVonta Smith,PHI,WR,8127381.0,2024
Josh Sweat,PHI,LB,8077000.0,2024
Will Anderson,HOU,DE,8003185.0,2024
Antoine Winfield Jr.,TB,FS,8000000.0,2024
Jalen Ramsey,MIA,CB,7962560.0,2024
Darius Slayton,NYG,WR,7950000.0,2024
Dalton Schultz,HOU,TE,7941165.0,2024
Samson Ebukam,IND,DE,7935000.0,2024
Jacoby Brissett,NE,QB,7882353.0,2024
Uchenna Nwosu,SEA,LB,7813333.0,2024
Xavier McKinney,GB,SS,7800000.0,2024
Courtland Sutton,DEN,WR,7795588.0,2024
Gardner Minshew,LV,QB,7790000.0,2024
Xavier Woods,CAR,SS,7759168.0,2024
Dawson Knox,BUF,TE,7728000.0,2024
Anthony Richardson,IND,QB,7725916.0,2024
Zach Allen,DEN,DL,7700000.0,2024
Miles Sanders,CAR,RB,7695000.0,2024
David Onyemata,ATL,DL,7650000.0,2024
Deatrich Wise,NE,DE,7641168.0,2024
Ikem Ekwonu,CAR,,7518559.0,2024
Kyle Dugger,NE,SS,7500000.0,2024
T.J. Edwards,CHI,LB,7500000.0,2024
Noah Fant,SEA,TE,7500000.0,2024
Mike Hilton,CIN,CB,7450000.0,2024
Darnell Mooney,ATL,WR,7450000.0,2024
Alex Anzalone,DET,LB,7444112.0,2024
Mike McGlinchey,DEN,,7400000.0,2024
Donovan Wilson,DAL,S,7370575.0,2024
Chris Jones,KC,DL,7350000.0,2024
Harrison Smith,MIN,S,7315884.0,2024
Marcus Epps,LV,FS,7292500.0,2024
C.J. Mosley,NYJ,LB,7244000.0,2024
Devon Witherspoon,SEA,CB,7241171.0,2024
Graham Gano,NYG,K,7211667.0,2024
D.J. Moore,CHI,WR,7200000.0,2024
Caleb Williams,CHI,QB,7179283.0,2024
Germaine Pratt,CIN,LB,7133333.0,2024
David Andrews,NE,C,7101470.0,2024
Ted Karras,CIN,C,7100000.0,2024
Nnamdi Madubuike,BAL,DL,7100000.0,2024
T.J. Hockenson,MIN,TE,7046176.0,2024
Evan Engram,JAX,TE,7000000.0,2024
Jarrett Stidham,DEN,QB,7000000.0,2024
Kenny Moore,IND,CB,6970000.0,2024
Marquise Brown,KC,WR,6955882.0,2024
Chidobe Awuzie,TEN,CB,6940000.0,2024
Alex Singleton,DEN,LB,6913333.0,2024
Baker Mayfield,TB,QB,6900000.0,2024
Zaven Collins,ARI,DE,6876036.0,2024
Jayden Daniels,WAS,QB,6863027.0,2024
Kyzir White,ARI,LB,6760080.0,2024
Matt Judon,ATL,OLB,6735292.0,2024
Alex Highsmith,PIT,OLB,6727000.0,2024
Jaycee Horn,CAR,CB,6717501.0,2024
Evan Neal,NYG,,6695798.0,2024
Bobby Okereke,NYG,LB,6688333.0,2024
Drake Maye,NE,QB,6661775.0,2024
Nico Collins,HOU,WR,6643205.0,2024
Derrick Brown,CAR,DL,6625000.0,2024
Jabrill Peppers,NE,S,6610000.0,2024
Tristan Wirfs,TB,,6606582.0,2024
Ben Powers,DEN,,6550000.0,2024
Erik McCoy,NO,C,6520000.0,2024
Dalvin Tomlinson,CLE,DL,6502000.0,2024
Julian Love,SEA,FS,6500000.0,2024
Jon Runyan,NYG,,6500000.0,2024
Terence Steele,DAL,,6500000.0,2024
Bobby Wagner,WAS,LB,6500000.0,2024
Christian Darrisaw,MIN,,6472832.0,2024
Kevin Byard,CHI,S,6470000.0,2024
Robert Hunt,CAR,,6450000.0,2024
Marvin Harrison Jr.,ARI,WR,6431771.0,2024
Jimmie Ward,HOU,S,6427110.0,2024
Paris Johnson,ARI,,6375558.0,2024
Jarran Reed,SEA,DL,6370000.0,2024
Patrick Mekari,BAL,,6350000.0,2024
Justin Jones,ARI,DL,6345000.0,2024
Christian McCaffrey,SF,RB,6329647.0,2024
Christian Barmore,NE,DL,6311623.0,2024
Jonah Williams,ARI,,6280000.0,2024
Nick Chubb,CLE,RB,6275000.0,2024
Andre James,LV,C,6266666.0,2024
Zach Sieler,MIA,DE,6252000.0,2024
Josh Oliver,MIN,TE,6174000.0,2024
Lloyd Cushenberry,TEN,C,6155000.0,2024
Patrick Queen,PIT,LB,6113333.0,2024
Tyson Campbell,JAX,CB,6102639.0,2024
Joe Alt,LAC,,6029262.0,2024
Geno Stone,CIN,S,6025000.0,2024
Jadeveon Clowney,CAR,OLB,6000000.0,2024
Donte Jackson,PIT,CB,6000000.0,2024
Marcus Mariota,WAS,QB,6000000.0,2024
Landon Dickerson,PHI,,5996130.0,2024
Sean Bunting,ARI,CB,5955000.0,2024
Kevin Zeitler,DET,,5940000.0,2024
Mo Alie-Cox,IND,TE,5920000.0,2024
Matt Gay,IND,K,5920000.0,2024
Stefon Diggs,HOU,WR,5876000.0,2024
Drake London,ATL,WR,5873037.0,2024
Shaq Mason,HOU,,5868000.0,2024
D'Andre Swift,CHI,RB,5833333.0,2024
Charles Cross,SEA,,5831898.0,2024
Garrett Bradbury,MIN,C,5769882.0,2024
Jonathan Greenard,MIN,OLB,5740000.0,2024
Brandon Aiyuk,SF,WR,5725000.0,2024
Tyree Wilson,LV,DL,5683068.0,2024
Samuel Cosmi,WAS,,5660649.0,2024
DaVon Hamilton,JAX,DL,5655288.0,2024
Garrett Wilson,NYJ,WR,5605638.0,2024
Mike Evans,TB,WR,5568000.0,2024
Tyrann Mathieu,NO,S,5567000.0,2024
Jason Myers,SEA,K,5510000.0,2024
Joe Mixon,HOU,RB,5500000.0,2024
Morgan Moses,NYJ,,5500000.0,2024
Harrison Phillips,MIN,DL,5480556.0,2024
Gerald Everett,CHI,TE,5460000.0,2024
Nate Herbig,PIT,C,5460000.0,2024
E.J. Speed,IND,LB,5460000.0,2024
Micah Parsons,DAL,DE,5434479.0,2024
Ja'whaun Bentley,NE,LB,5433333.0,2024
Kenneth Murray,TEN,LB,5410000.0,2024
Alim McNeill,DET,DL,5388579.0,2024
Anthony Nelson,TB,OLB,5384000.0,2024
Tyler Conklin,NYJ,TE,5358334.0,2024
Will Hernandez,ARI,,5335080.0,2024
Hunter Henry,NE,TE,5323522.0,2024
Trey Lance,DAL,QB,5310714.0,2024
Malik Nabers,NYG,WR,5310500.0,2024
Josh Jacobs,GB,RB,5307343.0,2024
D.J. Reader,DET,DL,5303000.0,2024
Robert Spillane,LV,OLB,5300000.0,2024
Rashawn Slater,LAC,,5291923.0,2024
Chris Olave,NO,WR,5255966.0,2024
Carl Granderson,NO,LB,5250000.0,2024
Younghoe Koo,ATL,K,5250000.0,2024
Patrick Ricard,BAL,,5155000.0,2024
Creed Humphrey,KC,C,5151856.0,2024
Derrick Henry,BAL,RB,5105000.0,2024
David Montgomery,DET,RB,5060046.0,2024
Alijah Vera-Tucker,NYJ,,5054327.0,2024
Raekwon Davis,IND,DL,5010000.0,2024
Sam Darnold,MIN,QB,5000000.0,2024
Joe Flacco,IND,QB,5000000.0,2024
John Franklin-Myers,DEN,DL,5000000.0,2024
Drew Lock,NYG,QB,5000000.0,2024
Chase McLaughlin,TB,K,5000000.0,2024
Bijan Robinson,ATL,RB,4990577.0,2024
Andy Dalton,CAR,QB,4967000.0,2024
Jalen Carter,PHI,DL,4955920.0,2024
Talanoa Hufanga,SF,SS,4950038.0,2024
Rhamondre Stevenson,NE,RB,4903264.0,2024
Damien Lewis,CAR,,4900000.0,2024
Drew Sample,CIN,TE,4900000.0,2024
Dorance Armstrong,WAS,DE,4885000.0,2024
Deommodore Lenoir,SF,CB,4874368.0,2024
Amon-Ra St. Brown,DET,WR,4862313.0,2024
Bilal Nichols,ARI,DE,4840000.0,2024
Tyquan Lewis,IND,DE,4810000.0,2024
Darnell Wright,CHI,,4765515.0,2024
Jameson Williams,DET,WR,4762306.0,2024
Matt Prater,ARI,K,4759765.0,2024
Lorenzo Carter,ATL,OLB,4750000.0,2024
Jermaine Eluemunor,NYG,,4750000.0,2024
Morgan Fox,LAC,DL,4750000.0,2024
Cole Holcomb,PIT,LB,4740000.0,2024
JC Latham,TEN,,4735489.0,2024
Chris Boswell,PIT,K,4720000.0,2024
Jerry Jeudy,CLE,WR,4700000.0,2024
Elandon Roberts,PIT,LB,4667500.0,2024
Michael Danna,KC,DE,4666666.0,2024
Stephon Gilmore,MIN,CB,4666666.0,2024
Darious Williams,LAR,CB,4666666.0,2024
Jeff Okudah,HOU,CB,4661754.0,2024
Daniel Carlson,LV,K,4650000.0,2024
Jamaal Williams,NO,RB,4630000.0,2024
Jordan Davis,PHI,DL,4626638.0,2024
Jake Elliott,PHI,K,4570000.0,2024
Broderick Washington,BAL,DL,4540000.0,2024
Carlton Davis,DET,CB,4529483.0,2024
Jason Sanders,MIA,K,4506500.0,2024
Denico Autry,HOU,DL,4500000.0,2024
Jordan Whitehead,TB,SS,4500000.0,2024
Gabriel Davis,JAX,WR,4494117.0,2024
Peter Skoronski,TEN,,4471209.0,2024
Jaelan Phillips,MIA,LB,4460337.0,2024
Cesar Ruiz,NO,,4450000.0,2024
Kyle Hamilton,BAL,S,4433206.0,2024
Shaquill Griffin,MIN,CB,4430000.0,2024
Arik Armstead,JAX,DE,4426471.0,2024
Tyler Bass,BUF,K,4420000.0,2024
Ka'imi Fairbairn,HOU,K,4401711.0,2024
Khalen Saunders,NO,DL,4400000.0,2024
Trenton Brown,CIN,,4397058.0,2024
DeAndre Hopkins,KC,WR,4368610.0,2024
Foster Moreau,NO,TE,4367050.0,2024
Kenyon Green,HOU,,4350929.0,2024
Bryce Huff,PHI,LB,4350000.0,2024
Alaric Jackson,LAR,,4346666.0,2024
Kwity Paye,IND,DE,4341539.0,2024
Rakeem Nunez-Roches,NYG,DL,4333333.0,2024
Justin Simmons,ATL,FS,4333333.0,2024
James Bradberry,PHI,S,4305000.0,2024
Jevon Holland,MIA,FS,4290802.0,2024
Austin Jackson,MIA,,4262116.0,2024
Cairo Santos,CHI,K,4260000.0,2024
Kamren Curl,LAR,SS,4235294.0,2024
Arden Key,TEN,LB,4220000.0,2024
Azeez Al-Shaair,HOU,LB,4200000.0,2024
John Cominsky,DET,DE,4200000.0,2024
Jedrick Wills,CLE,,4192352.0,2024
Liam Eichenberg,MIA,C,4163178.0,2024
Michael Penix Jr.,ATL,QB,4160479.0,2024
Connor McGovern,BUF,C,4160000.0,2024
Najee Harris,PIT,RB,4151460.0,2024
Tyler Biadasz,WAS,C,4150000.0,2024
Trevon Moehrig,LV,SS,4141456.0,2024
Hjalte Froholdt,ARI,C,4133413.0,2024
Rome Odunze,CHI,WR,4131727.0,2024
Travis Etienne,JAX,RB,4103943.0,2024
Rayshawn Jenkins,SEA,SS,4100000.0,2024
Justin Tucker,BAL,K,4082500.0,2024
Michael Pierce,BAL,DL,4072000.0,2024
Greg Newsome,CLE,CB,4056416.0,2024
Jahmyr Gibbs,DET,RB,4055712.0,2024
Ogbonnia Okoronkwo,CLE,DE,4030000.0,2024
Zion Johnson,LAC,,4021822.0,2024
Asante Samuel Jr.,LAC,CB,4019263.0,2024
Shy Tuttle,CAR,DL,4006667.0,2024
Ryan Bates,CHI,C,4000000.0,2024
Chukwuma Okorafor,NE,,4000000.0,2024
Tony Pollard,TEN,RB,4000000.0,2024
Demarcus Robinson,LAR,WR,4000000.0,2024
Keisean Nixon,GB,CB,3991666.0,2024
Malik Hooker,DAL,FS,3985296.0,2024
Payton Turner,NO,DE,3985144.0,2024
Jack Fox,DET,P,3975000.0,2024
Greg Gaines,TB,DL,3975000.0,2024
Sebastian Joseph,TEN,DE,3975000.0,2024
J.J. McCarthy,MIN,QB,3973599.0,2024
Richie Grant,ATL,SS,3959339.0,2024
Lukas Van Ness,GB,DE,3951839.0,2024
Walker Little,JAX,,3935167.0,2024
Jeremy Chinn,WAS,S,3925000.0,2024
Treylon Burks,TEN,WR,3918979.0,2024
Julian Blackmon,IND,SS,3890000.0,2024
Damontae Kazee,PIT,FS,3875000.0,2024
Frankie Luvu,WAS,LB,3865000.0,2024
Trevor Penning,NO,,3857268.0,2024
Michael Dickson,SEA,P,3850000.0,2024
Mike Hughes,ATL,CB,3845000.0,2024
Rashod Bateman,BAL,WR,3834135.0,2024
Daniel Brunskill,TEN,C,3831754.0,2024
Trent McDuffie,KC,CB,3816132.0,2024
Bryan Anger,DAL,P,3800000.0,2024
Saquon Barkley,PHI,RB,3800000.0,2024
Eric Stokes,GB,CB,3794485.0,2024
Juan Thornhill,CLE,FS,3784000.0,2024
Chuba Hubbard,CAR,RB,3779974.0,2024
Broderick Jones,PIT,,3778717.0,2024
Dennis Gardeck,ARI,LB,3776748.0,2024
Ian Thomas,CAR,TE,3776668.0,2024
Quay Walker,GB,LB,3774993.0,2024
Ethan Pocic,CLE,C,3764000.0,2024
Nick Folk,TEN,K,3755000.0,2024
Clelin Ferrell,WAS,DE,3750000.0,2024
Devin Singletary,NYG,RB,3750000.0,2024
Tress Way,WAS,P,3750000.0,2024
Aaron Banks,SF,,3742109.0,2024
Kaiir Elam,BUF,CB,3733857.0,2024
Olu Fashanu,NYJ,,3729220.0,2024
Josh Metellus,MIN,S,3725000.0,2024
Will McDonald,NYJ,DE,3709471.0,2024
Greg Rousseau,BUF,DE,3693518.0,2024
Ashton Dulin,IND,WR,3680000.0,2024
Grant Delpit,CLE,SS,3676000.0,2024
Tyler Smith,DAL,,3651579.0,2024
Pat Freiermuth,PIT,TE,3636033.0,2024
Kyle Van Noy,BAL,OLB,3625000.0,2024
D.J. Wonnum,CAR,OLB,3625000.0,2024
Paulson Adebo,NO,CB,3622429.0,2024
Tyler Linderbaum,BAL,C,3610442.0,2024
Odafe Oweh,BAL,OLB,3608942.0,2024
Kyle Juszczyk,SF,,3606750.0,2024
Ezra Cleveland,JAX,,3591176.0,2024
Colby Parkinson,LAR,TE,3583333.0,2024
Jermaine Johnson,NYJ,DE,3569303.0,2024
Quinn Meinerz,DEN,,3565155.0,2024
Anfernee Jennings,NE,LB,3561764.0,2024
Joe Tryon,TB,OLB,3554485.0,2024
Michael Davis,WAS,CB,3545000.0,2024
Dan Moore,PIT,,3540476.0,2024
Devin Lloyd,JAX,LB,3528165.0,2024
A.J. Cole,LV,P,3517000.0,2024
Nick Bolton,KC,LB,3516733.0,2024
Devonte Wyatt,GB,DL,3507596.0,2024
Marcus Davenport,DET,DE,3507500.0,2024
Andrew Billings,CHI,DL,3500000.0,2024
Ronald Darby,JAX,CB,3500000.0,2024
Juwan Johnson,NO,TE,3500000.0,2024
Aaron Jones,MIN,RB,3500000.0,2024
Coleman Shelton,CHI,C,3500000.0,2024
Josey Jewell,CAR,LB,3483333.0,2024
J.T. Gray,NO,S,3480000.0,2024
Josh Myers,GB,C,3470570.0,2024
Jahlani Tavai,NE,LB,3452084.0,2024
Nate Hobbs,LV,CB,3441763.0,2024
Christian Gonzalez,NE,CB,3432470.0,2024
Davis Mills,HOU,QB,3431293.0,2024
Leonard Floyd,SF,DE,3418000.0,2024
Jeremiah Owusu-Koramoah,CLE,LB,3414679.0,2024
Andre Cisco,JAX,FS,3408091.0,2024
Chase Young,NO,DE,3406000.0,2024
Curtis Samuel,BUF,WR,3405000.0,2024
Mack Wilson,ARI,LB,3401667.0,2024
Raheem Mostert,MIA,RB,3401165.0,2024
Andrew Van Ginkel,MIN,OLB,3400000.0,2024
Trey Smith,KC,,3398677.0,2024
Brady Christensen,CAR,C,3394777.0,2024
Harrison Butker,KC,K,3388796.0,2024
Milton Williams,PHI,DE,3385122.0,2024
Bo Nix,DEN,QB,3384212.0,2024
Benjamin St-Juste,WAS,CB,3383410.0,2024
Osa Odighizuwa,DAL,DL,3380762.0,2024
Alohi Gilman,LAC,FS,3375000.0,2024
Josh Palmer,LAC,WR,3370919.0,2024
Andrew Wingard,JAX,S,3370000.0,2024
M.J. Stewart,HOU,S,3367647.0,2024
Divine Deablo,LV,LB,3361606.0,2024
Tommy Tremble,CAR,TE,3351715.0,2024
Rasul Douglas,BUF,CB,3348529.0,2024
Jack Campbell,DET,LB,3345911.0,2024
Cole Strange,NE,,3342537.0,2024
Robert Hainsey,TB,C,3329886.0,2024
Brandon Stephens,BAL,S,3326155.0,2024
Sione Takitaki,NE,LB,3325000.0,2024
Brandon Jones,DEN,S,3318333.0,2024
Durham Smythe,MIA,TE,3316946.0,2024
Derrick Barnes,DET,LB,3311301.0,2024
Drew Dalman,ATL,C,3310180.0,2024
Tanoh Kpassagnon,NO,DE,3303000.0,2024
Brock Bowers,LV,TE,3297961.0,2024
John Bates,WAS,TE,3296604.0,2024
Camryn Bynum,MIN,FS,3295453.0,2024
Case Keenum,HOU,QB,3294115.0,2024
Calijah Kancey,TB,DL,3293971.0,2024
Kylen Granson,IND,TE,3292592.0,2024
A'Shawn Robinson,CAR,DL,3290000.0,2024
Jaxon Smith-Njigba,SEA,WR,3276661.0,2024
C.J. Ham,MIN,,3266666.0,2024
Jake Brendel,SF,C,3260000.0,2024
George Karlaftis,KC,DE,3255129.0,2024
Kendrick Bourne,NE,WR,3250000.0,2024
Harrison Bryant,LV,TE,3250000.0,2024
Dante Fowler Jr.,WAS,DE,3250000.0,2024
Jordan Fuller,CAR,SS,3250000.0,2024
Kalif Raymond,DET,WR,3250000.0,2024
Yetur Gross-Matos,SF,DE,3238000.0,2024
Justin Fields,PIT,QB,3233448.0,2024
Davante Adams,NYJ,WR,3227333.0,2024
Quentin Johnston,LAC,WR,3224722.0,2024
Antonio Gibson,NE,RB,3220000.0,2024
John Simpson,NYJ,,3210000.0,2024
Jonathon Cooper,DEN,OLB,3205933.0,2024
Pharaoh Brown,SEA,TE,3200000.0,2024
Tremon Smith,DEN,CB,3200000.0,2024
Larry Borom,CHI,,3199270.0,2024
Darrick Forrest,WAS,S,3193768.0,2024
Emmanuel Ogbah,MIA,DE,3191165.0,2024
Zay Flowers,BAL,WR,3190099.0,2024
Shaq Thompson,CAR,LB,3190000.0,2024
Blake Cashman,MIN,LB,3186754.0,2024
Tedarrell Slaton,GB,DL,3186130.0,2024
Daxton Hill,CIN,CB,3181913.0,2024
Austin Ekeler,WAS,RB,3170000.0,2024
George Fant,SEA,,3170000.0,2024
Taliese Fuaga,NO,,3154210.0,2024
Will Fries,IND,,3137346.0,2024
Alec Ingold,MIA,,3130000.0,2024
Austin Hooper,NE,TE,3125000.0,2024
Jordan Addison,MIN,WR,3120850.0,2024
Elijah Molden,LAC,CB,3116000.0,2024
Elijah Moore,CLE,WR,3116000.0,2024
Jason Pinnock,NYG,FS,3116000.0,2024
Darrell Taylor,CHI,LB,3116000.0,2024
Laiatu Latu,IND,DE,3096708.0,2024
Deonte Banks,NYG,CB,3086226.0,2024
Duke Riley,MIA,LB,3085000.0,2024
Dalton Kincaid,BUF,TE,3051596.0,2024
Quincy Williams,NYJ,LB,3050000.0,2024
Jimmy Garoppolo,LAR,QB,3044305.0,2024
Maliek Collins,SF,DL,3038588.0,2024
Mazi Smith,DAL,DL,3016976.0,2024
Foley Fatukasi,HOU,DL,3012254.0,2024
Quandre Diggs,TEN,SS,3000000.0,2024
Willie Gay Jr.,NO,LB,3000000.0,2024
Bradley Pinion,ATL,P,3000000.0,2024
Drue Tranquill,KC,LB,3000000.0,2024
Adam Trautman,DEN,TE,3000000.0,2024
Greg Van Roten,NYG,,3000000.0,2024
Anton Harrison,JAX,,2999664.0,2024
Michael Hoecht,LAR,OLB,2985000.0,2024
Colton McKivitz,SF,,2963000.0,2024
Ben Bredeson,TB,,2960000.0,2024
Eric Kendricks,DAL,LB,2941165.0,2024
John Jenkins,LV,DL,2938000.0,2024
Byron Murphy,SEA,DE,2924204.0,2024
Justin Watson,KC,WR,2920000.0,2024
Pete Werner,NO,LB,2908762.0,2024
Yosh Nijman,CAR,,2907500.0,2024
Tyron Smith,NYJ,,2900000.0,2024
DJ Chark,LAC,WR,2890000.0,2024
Kristian Fulton,LAC,CB,2885000.0,2024
Cooper Rush,DAL,QB,2875000.0,2024
DaQuan Jones,BUF,DL,2868000.0,2024
Dallas Turner,MIN,OLB,2866702.0,2024
Zack Moss,CIN,RB,2866176.0,2024
Myles Murphy,CIN,DE,2860741.0,2024
Wil Lutz,DEN,K,2860000.0,2024
Malcolm Roach,DEN,DL,2855000.0,2024
Javon Kinlaw,NYJ,DL,2850000.0,2024
Amik Robertson,DET,CB,2850000.0,2024
Taylor Rapp,BUF,S,2841666.0,2024
Javonte Williams,DEN,RB,2820921.0,2024
Nathan Shepherd,NO,DL,2820000.0,2024
A.J. Epenesa,BUF,DE,2812000.0,2024
Jordyn Brooks,MIA,LB,2800000.0,2024
Cornelius Lucas,WAS,,2800000.0,2024
Tyrod Taylor,NYJ,QB,2800000.0,2024
Nick Allegretti,WAS,C,2798000.0,2024
Amarius Mims,CIN,,2794829.0,2024
Darnell Savage,JAX,S,2794110.0,2024
Bryan Bresee,NO,DL,2787173.0,2024
Mac Jones,JAX,QB,2785412.0,2024
Jauan Jennings,SF,WR,2774941.0,2024
Chauncey Gardner-Johnson,PHI,S,2770588.0,2024
Jared Verse,LAR,OLB,2751699.0,2024
Jalen Reeves-Maybin,DET,LB,2750000.0,2024
Jerry Tillery,MIN,DL,2750000.0,2024
Mason Rudolph,TEN,QB,2740000.0,2024
Johnny Hekker,CAR,P,2733667.0,2024
Zach Wilson,DEN,QB,2726637.0,2024
Nolan Smith,PHI,LB,2725547.0,2024
Chop Robinson,MIA,LB,2722950.0,2024
Quinyon Mitchell,PHI,CB,2694199.0,2024
Graham Glasgow,DET,C,2687500.0,2024
Felix Anudike-Uzomah,KC,DE,2685867.0,2024
Justice Hill,BAL,RB,2670446.0,2024
Zach Pascal,ARI,WR,2670000.0,2024
Teven Jenkins,CHI,,2668860.0,2024
Brian Thomas Jr.,JAX,WR,2665450.0,2024
Michael Carter II,NYJ,CB,2656422.0,2024
Dane Jackson,CAR,CB,2650000.0,2024
Mitch Morse,JAX,C,2650000.0,2024
Noah Gray,KC,TE,2643524.0,2024
Solomon Thomas,NYJ,DL,2630000.0,2024
Will Dissly,LAC,TE,2625000.0,2024
Terrion Arnold,DET,CB,2607947.0,2024
Dustin Hopkins,CLE,K,2602500.0,2024
Logan Cooke,JAX,P,2600000.0,2024
Jerry Hughes,HOU,DE,2600000.0,2024
Del'Shawn Phillips,HOU,LB,2600000.0,2024
Cody Whitehair,LV,C,2600000.0,2024
Spencer Brown,BUF,,2593801.0,2024
Levi Onwuzurike,DET,DL,2592829.0,2024
Cam Robinson,MIN,,2588230.0,2024
Kendall Fuller,MIA,CB,2588000.0,2024
Jordan Morgan,GB,,2579199.0,2024
Kelvin Beachum,ARI,,2557500.0,2024
George Odum,SF,S,2551666.0,2024
Graham Barton,TB,C,2550446.0,2024
Eddy Pineiro,CAR,K,2545000.0,2024
Akeem Davis-Gaither,CIN,LB,2544382.0,2024
Logan Hall,TB,DL,2540851.0,2024
Aaron Brewer,MIA,C,2528000.0,2024
Darius Robinson,ARI,DE,2525399.0,2024
Christian Watson,GB,WR,2520282.0,2024
JK Scott,LAC,P,2510000.0,2024
Xavier Worthy,KC,WR,2507321.0,2024
Rigoberto Sanchez,IND,P,2506300.0,2024
Mike Gesicki,CIN,TE,2500000.0,2024
Kendall Lamm,MIA,,2500000.0,2024
Isaiah Oliver,NYJ,CB,2500000.0,2024
Tim Settle,HOU,DL,2500000.0,2024
Charlie Woerner,ATL,TE,2500000.0,2024
Roger McCreary,TEN,CB,2499711.0,2024
Mack Hollins,BUF,WR,2480000.0,2024
Cody Barton,DEN,LB,2460000.0,2024
Breece Hall,NYJ,RB,2458575.0,2024
Troy Fautanu,PIT,,2448437.0,2024
Jalen Pitre,HOU,SS,2442120.0,2024
P.J. Locke,DEN,SS,2425000.0,2024
Zach Ertz,WAS,TE,2411764.0,2024
Dalton Risner,MIN,,2410000.0,2024
Arnold Ebiketie,ATL,OLB,2405097.0,2024
Tyler Boyd,TEN,WR,2400000.0,2024
Jamie Gillan,NYG,P,2400000.0,2024
Jeff Wilson,MIA,RB,2398676.0,2024
Tyler Guyton,DAL,,2391965.0,2024
Evan McPherson,CIN,K,2390928.0,2024
Devin Duvernay,JAX,WR,2382343.0,2024
Leki Fotu,NYJ,DL,2380000.0,2024
Kyler Gordon,CHI,CB,2368071.0,2024
Bud Dupree,LAC,OLB,2360000.0,2024
Carson Wentz,KC,QB,2354412.0,2024
Evan Brown,ARI,C,2345080.0,2024
Boye Mafe,SEA,LB,2335159.0,2024
Nate Wiggins,BAL,CB,2330877.0,2024
Jordan Akins,CLE,TE,2315000.0,2024
Kenneth Walker,SEA,RB,2302249.0,2024
David Edwards,BUF,,2295000.0,2024
Neville Hewitt,HOU,LB,2282352.0,2024
Jon Feliciano,SF,,2280000.0,2024
Ricky Pearsall,SF,WR,2279709.0,2024
Austin Johnson,BUF,DL,2276666.0,2024
Miles Killebrew,PIT,S,2255000.0,2024
Taven Bryan,IND,DL,2250000.0,2024
Jonathan Bullard,MIN,DL,2250000.0,2024
Joshua Dobbs,SF,QB,2250000.0,2024
Gus Edwards,LAC,RB,2250000.0,2024
Deshon Elliott,PIT,SS,2250000.0,2024
Royce Newman,TB,,2250000.0,2024
Cordarrelle Patterson,PIT,RB,2250000.0,2024
Xavier Legette,CAR,WR,2246759.0,2024
Reggie Gilliam,BUF,,2232334.0,2024
Wan'dale Robinson,NYG,WR,2232318.0,2024
Nick Mullens,MIN,QB,2230000.0,2024
Tommy Townsend,HOU,P,2225000.0,2024
Andrus Peat,LV,,2210000.0,2024
Linval Joseph,DAL,DL,2205000.0,2024
John Metchie,HOU,WR,2200956.0,2024
Shelby Harris,CLE,DL,2186315.0,2024
Joey Porter Jr.,PIT,CB,2185987.0,2024
Denzel Perryman,LAC,LB,2175000.0,2024
Emmanuel Moseley,DET,CB,2169117.0,2024
Will Levis,TEN,QB,2168674.0,2024
David Ojabo,BAL,OLB,2157033.0,2024
Azeez Ojulari,NYG,LB,2155653.0,2024
Sam LaPorta,DET,TE,2151361.0,2024
Jordan Elliott,SF,DL,2140000.0,2024
Nelson Agholor,BAL,WR,2135000.0,2024
Braxton Berrios,MIA,WR,2132352.0,2024
Montravius Adams,PIT,DL,2125000.0,2024
Michael Mayer,LV,TE,2116738.0,2024
Jonnu Smith,MIA,TE,2110000.0,2024
Josh Paschal,DET,DE,2109724.0,2024
Steve Avila,LAR,C,2102889.0,2024
DeeJay Dallas,ARI,RB,2083333.0,2024
Cameron Johnston,PIT,P,2083333.0,2024
Derick Hall,SEA,LB,2071722.0,2024
Amen Ogbongbemiga,CHI,LB,2070588.0,2024
Sam Martin,BUF,P,2050000.0,2024
Thomas Morstead,NYJ,P,2050000.0,2024
Corey Ballentine,GB,CB,2048235.0,2024
Jeremy Reaves,WAS,S,2045000.0,2024
Matthew Bergeron,ATL,,2040564.0,2024
Riley Dixon,DEN,P,2035000.0,2024
Wes Schweitzer,NYJ,C,2028230.0,2024
Preston Smith,PIT,DL,2023529.0,2024
Travis Homer,CHI,RB,2013400.0,2024
Dillon Radunz,TEN,C,2013096.0,2024
Jaquan Brisker,CHI,SS,2006056.0,2024
Calais Campbell,MIA,DE,2000000.0,2024
Marcedes Lewis,CHI,TE,2000000.0,2024
Johnny Mundt,MIN,TE,2000000.0,2024
Derrick Nnadi,KC,DL,2000000.0,2024
Brandon Powell,MIN,WR,2000000.0,2024
Isaiah Simmons,NYG,LB,2000000.0,2024
Mitchell Trubisky,BUF,QB,2000000.0,2024
Olisaemeka Udoh,NO,,2000000.0,2024
De'Vondre Campbell,SF,LB,1998333.0,2024
Jordan Poyer,MIA,S,1985294.0,2024
Isaiah Foskey,NO,LB,1985164.0,2024
Alexander Mattison,LV,RB,1984000.0,2024
Kenny Pickett,PHI,QB,1983900.0,2024
Mekhi Becton,PHI,,1971176.0,2024
Dayo Odeyingbo,IND,DE,1965577.0,2024
Alontae Taylor,NO,CB,1964918.0,2024
Derek Barnett,HOU,DE,1964705.0,2024
B.J. Ojulari,ARI,DE,1964081.0,2024
Johnathan Hankins,SEA,DL,1960000.0,2024
Siran Neal,MIA,S,1950000.0,2024
Mitch Wishnowsky,SF,P,1945000.0,2024
Luke Musgrave,GB,TE,1926303.0,2024
Blake Brandel,MIN,,1916666.0,2024
Ernest Jones,SEA,LB,1904221.0,2024
Adam Butler,LV,DL,1900000.0,2024
Isaac Yiadom,SF,CB,1900000.0,2024
Joe Tippmann,NYJ,C,1899909.0,2024
David Quessenberry,MIN,,1885000.0,2024
Cam Jurgens,PHI,C,1882643.0,2024
TuTu Atwell,LAR,WR,1880040.0,2024
Dean Lowry,PIT,DL,1875000.0,2024
Jonathan Owens,CHI,SS,1875000.0,2024
Jordan Hicks,CLE,LB,1868000.0,2024
Julius Brents,IND,CB,1862940.0,2024
Ameer Abdullah,LV,RB,1850000.0,2024
Jeremiah Ledbetter,JAX,DE,1850000.0,2024
Cedrick Wilson,NO,WR,1850000.0,2024
George Pickens,PIT,WR,1841503.0,2024
Greg Zuerlein,NYJ,K,1835058.0,2024
Keon Coleman,BUF,WR,1831683.0,2024
Chuck Clark,NYJ,S,1830000.0,2024
Brian Branch,DET,S,1823120.0,2024
Ladd McConkey,LAC,WR,1817306.0,2024
Jerome Baker,TEN,LB,1810971.0,2024
Ray-Ray McCloud,ATL,WR,1805000.0,2024
Ruke Orhorhoro,ATL,DL,1802932.0,2024
Alec Pierce,IND,WR,1800366.0,2024
Dan Feeney,MIN,C,1800000.0,2024
Robert Jones,MIA,,1794117.0,2024
Troy Dye,LAC,LB,1790000.0,2024
Poona Ford,LAC,DL,1790000.0,2024
Benito Jones,MIA,DL,1790000.0,2024
Josh Jones,BAL,,1790000.0,2024
Trent Sherfield,MIN,WR,1790000.0,2024
Jihad Ward,MIN,OLB,1790000.0,2024
Michael Deiter,WAS,,1785000.0,2024
Johnny Newton,WAS,DL,1774180.0,2024
Keion White,NE,LB,1770491.0,2024
Jameis Winston,CLE,QB,1768000.0,2024
Brock Wright,DET,TE,1764000.0,2024
Ja'Lynn Polk,NE,WR,1762681.0,2024
Kyle Trask,TB,QB,1761244.0,2024
Skyy Moore,KC,WR,1759228.0,2024
Maurice Hurst,CLE,DL,1740000.0,2024
T'Vondre Sweat,TEN,DL,1736807.0,2024
Jartavius Martin,WAS,CB,1735868.0,2024
Trey McBride,ARI,TE,1728170.0,2024
Trystan Colon-Castillo,ARI,C,1727941.0,2024
Braden Fiske,LAR,DL,1710931.0,2024
Adoree' Jackson,NYG,CB,1705882.0,2024
Zay Jones,ARI,WR,1703373.0,2024
Cody Mauch,TB,,1701240.0,2024
Daniel Thomas,JAX,S,1700735.0,2024
Cooper DeJean,PHI,CB,1687931.0,2024
Luke Goedeke,TB,,1685178.0,2024
Kentavius Street,ATL,DL,1685000.0,2024
Daniel Ekuale,NE,DL,1680000.0,2024
Jake Bailey,MIA,P,1675000.0,2024
Khyiris Tonga,ARI,DL,1670000.0,2024
Keeanu Benton,PIT,DL,1666619.0,2024
Kool-Aid McKinstry,NO,CB,1664929.0,2024
Troy Andersen,ATL,LB,1664610.0,2024
Joseph Ossai,CIN,DE,1652196.0,2024
Kamari Lassiter,HOU,CB,1639054.0,2024
Ed Ingram,MIN,,1635813.0,2024
Jayden Reed,GB,WR,1631995.0,2024
Cam Taylor-Britt,CIN,CB,1623471.0,2024
Mario Edwards,HOU,DL,1621764.0,2024
Eric Murray,HOU,S,1620588.0,2024
Avonte Maddox,PHI,CB,1617644.0,2024
Max Melton,ARI,CB,1616056.0,2024
Drake Jackson,SF,DE,1607016.0,2024
Rondale Moore,ATL,WR,1604215.0,2024
Zack Baun,PHI,LB,1600000.0,2024
Blake Gillikin,ARI,P,1600000.0,2024
Cam Smith,MIA,CB,1597369.0,2024
Bryan Cook,KC,FS,1594674.0,2024
Jackson Powers-Johnson,LV,,1594138.0,2024
James Cook,BUF,RB,1590562.0,2024
Malcolm Koonce,LV,DL,1590260.0,2024
Cameron Dicker,LAC,K,1585000.0,2024
Isaiah Wynn,MIA,,1585000.0,2024
Nik Bonitto,DEN,OLB,1582334.0,2024
Dyami Brown,WAS,WR,1573090.0,2024
Jahan Dotson,PHI,WR,1573082.0,2024
Chauncey Golston,DAL,DL,1564369.0,2024
Edgerrin Cooper,GB,LB,1563440.0,2024
Zach Charbonnet,SEA,RB,1562745.0,2024
Corey Bojorquez,CLE,P,1562500.0,2024
Baron Browning,ARI,LB,1558000.0,2024
Joe Cardona,NE,LS,1553000.0,2024
Chris Conley,SF,WR,1550000.0,2024
Patrick Jones,MIN,OLB,1549578.0,2024
Brandon Allen,SF,QB,1540000.0,2024
Kris Boyd,HOU,CB,1538235.0,2024
Jonathon Brooks,CAR,RB,1530378.0,2024
Gervon Dexter,CHI,DL,1528120.0,2024
Ben Cleveland,BAL,,1500461.0,2024
Luke Fortner,JAX,C,1500018.0,2024
Devin Bush,CLE,LB,1500000.0,2024
Chase Edmonds,TB,RB,1500000.0,2024
Arthur Maulet,BAL,CB,1500000.0,2024
Samaje Perine,KC,RB,1500000.0,2024
K'Von Wallace,SEA,S,1500000.0,2024
Nicholas Petit-Frere,TEN,,1497379.0,2024
Brian Asamoah,MIN,LB,1496413.0,2024
Joshua Ezeudu,NYG,,1496052.0,2024
Tuli Tuipulotu,LAC,OLB,1493496.0,2024
Martin Emerson,CLE,CB,1492170.0,2024
Tyler Nubin,NYG,S,1486676.0,2024
Sam Williams,DAL,DE,1485717.0,2024
Cam Lewis,BUF,CB,1481500.0,2024
Chad Muma,JAX,LB,1479848.0,2024
Rashee Rice,KC,WR,1476184.0,2024
Elijah Campbell,MIA,S,1475000.0,2024
Abraham Lucas,SEA,,1470458.0,2024
Dawuane Smoot,BUF,DE,1468000.0,2024
Tyrique Stevenson,CHI,CB,1465795.0,2024
Jelani Woods,IND,TE,1465220.0,2024
Brenden Schooler,NE,S,1465000.0,2024
Josh Harris,LAC,LS,1460000.0,2024
Christian Harris,HOU,LB,1458613.0,2024
Maason Smith,JAX,DE,1457927.0,2024
Nick Moore,BAL,LS,1455000.0,2024
John Michael Schmitz,NYG,C,1448485.0,2024
Travis Jones,BAL,DL,1446417.0,2024
Bernhard Raimann,IND,,1445990.0,2024
Alex Wright,CLE,DE,1443702.0,2024
Dare Ogunbowale,HOU,RB,1441176.0,2024
Tavierre Thomas,TB,CB,1441176.0,2024
Luke Rhodes,IND,LS,1430000.0,2024
Cordale Flott,NYG,CB,1429594.0,2024
Kris Jenkins,CIN,DL,1429175.0,2024
Trenton Scott,WAS,,1427500.0,2024
Ifeatu Melifonwu,DET,CB,1427155.0,2024
DeAngelo Malone,ATL,LB,1426250.0,2024
Luke Schoonmaker,DAL,TE,1424247.0,2024
Nakobe Dean,PHI,LB,1419447.0,2024
Tyler Ott,WAS,LS,1418333.0,2024
DeMarvin Leal,PIT,DL,1414608.0,2024
O'Cyrus Torrence,BUF,,1413859.0,2024
Marcus Jones,NE,CB,1411896.0,2024
Zach Wood,NO,LS,1410000.0,2024
Jalen Tolbert,DAL,WR,1400651.0,2024
Mike Sainristil,WAS,CB,1400425.0,2024
D.J. Turner,CIN,CB,1400010.0,2024
Khalil Dorsey,DET,CB,1400000.0,2024
Christian Rozeboom,LAR,LB,1400000.0,2024
Terrel Bernard,BUF,LB,1399872.0,2024
Dylan Parham,LV,,1399481.0,2024
Rachaad White,TB,RB,1399091.0,2024
Sean Rhyan,GB,,1397142.0,2024
Nick Harris,CLE,C,1395000.0,2024
Roy Robertson-Harris,SEA,DL,1392156.0,2024
Brenton Strange,JAX,TE,1389621.0,2024
Juice Scruggs,HOU,C,1386160.0,2024
Thomas Hennessy,NYJ,LS,1385000.0,2024
Charley Hughlett,CLE,LS,1383000.0,2024
Nick Cross,IND,S,1381538.0,2024
Marvin Mims,DEN,WR,1379235.0,2024
Jourdan Lewis,DAL,CB,1377500.0,2024
Leo Chenal,KC,LB,1375884.0,2024
Jeremy Ruckert,NYJ,TE,1375884.0,2024
Channing Tindall,MIA,LB,1375884.0,2024
Kerby Joseph,DET,SS,1375883.0,2024
Brian Robinson,WAS,RB,1375883.0,2024
Iosua Opeta,TB,,1375000.0,2024
Austin Schlottmann,NYG,C,1375000.0,2024
Zach Frazier,PIT,C,1371675.0,2024
Nyheim Miller-Hines,CLE,RB,1370000.0,2024
JaMycal Hasty,NE,RB,1367055.0,2024
Reed Blankenship,PHI,FS,1356667.0,2024
Cody Ford,CIN,,1350000.0,2024
Caleb Johnson,JAX,LB,1350000.0,2024
Adonai Mitchell,IND,WR,1342925.0,2024
Andrew DePaola,MIN,LS,1341666.0,2024
Hunter Long,LAR,TE,1337551.0,2024
Braden Mann,PHI,P,1325000.0,2024
Kendrick Green,HOU,C,1324878.0,2024
Ben Sinnott,WAS,TE,1314173.0,2024
Jamison Crowder,WAS,WR,1310000.0,2024
Zacch Pickens,CHI,DL,1309952.0,2024
Tyler Steen,PHI,,1306919.0,2024
Sydney Brown,PHI,S,1305767.0,2024
Justin Strnad,DEN,LB,1305000.0,2024
Drew Sanders,DEN,LB,1303347.0,2024
Brevin Jordan,HOU,TE,1301866.0,2024
Taybor Pepper,SF,LS,1300000.0,2024
Jon Rhattigan,CAR,LB,1300000.0,2024
Hendon Hooker,DET,QB,1299778.0,2024
Tank Dell,HOU,WR,1292978.0,2024
Ashtyn Davis,NYJ,S,1292500.0,2024
A.J. Dillon,GB,RB,1292500.0,2024
Demetrius Flannigan-Fowles,SF,LB,1292500.0,2024
Malik Harrison,BAL,LB,1292500.0,2024
Easton Stick,LAC,QB,1292500.0,2024
Nick Westbrook,TEN,WR,1292500.0,2024
Tershawn Wharton,KC,DL,1292500.0,2024
Rock Ya-Sin,SF,CB,1292500.0,2024
Michael Hall,CLE,DL,1285423.0,2024
Kendre Miller,NO,RB,1285073.0,2024
Ross Matiscik,JAX,LS,1285000.0,2024
Garrett Williams,ARI,CB,1280666.0,2024
Jalin Hyatt,NYG,WR,1278480.0,2024
Cedric Tillman,CLE,WR,1275105.0,2024
Wanya Morris,KC,,1270081.0,2024
Zach Harrison,ATL,DL,1265556.0,2024
Marte Mapu,NE,LB,1264479.0,2024
Eric Saubert,SF,TE,1263162.0,2024
Byron Young,LAR,OLB,1262879.0,2024
Tucker Kraft,GB,TE,1258621.0,2024
Patrick Paul,MIA,,1256672.0,2024
Rico Dowdle,DAL,RB,1255000.0,2024
Justin Skule,TB,,1255000.0,2024
Josh Downs,IND,WR,1254650.0,2024
James Hudson,CLE,,1253104.0,2024
Cameron Sample,CIN,DE,1252036.0,2024
D.J. Johnson,CAR,OLB,1250679.0,2024
Tyjae Spears,TEN,RB,1247867.0,2024
Bobby Brown,LAR,DL,1244133.0,2024
Chris Rumph II,LAC,OLB,1243386.0,2024
Marshawn Kneeland,DAL,DE,1242299.0,2024
YaYa Diaby,TB,OLB,1242139.0,2024
Tyrel Dodson,MIA,LB,1240000.0,2024
Riley Moss,DEN,CB,1238065.0,2024
Devon Achane,MIA,RB,1235784.0,2024
Rashid Shaheed,NO,WR,1235000.0,2024
Chris Braswell,TB,OLB,1233672.0,2024
Daiyan Henley,LAC,LB,1231914.0,2024
Trenton Simpson,BAL,LB,1229020.0,2024
Tylan Wallace,BAL,WR,1226341.0,2024
Ji'Ayir Brown,SF,SS,1226320.0,2024
Tank Bigsby,JAX,RB,1225663.0,2024
Kobie Turner,LAR,DL,1225335.0,2024
DeMarvion Overshown,DAL,LB,1225006.0,2024
Fred Johnson,PHI,,1225000.0,2024
Dorian Williams,BUF,LB,1223365.0,2024
Danny Pinter,IND,C,1222500.0,2024
Tre'Davious White,BAL,CB,1220588.0,2024
Javon Bullard,GB,S,1219297.0,2024
Darnell Washington,PIT,TE,1216798.0,2024
Tre Brown,SEA,CB,1215166.0,2024
Michael Wilson,ARI,WR,1213514.0,2024
Reid Ferguson,BUF,LS,1212500.0,2024
Jordan Battle,CIN,S,1210231.0,2024
Vonn Bell,CIN,S,1210000.0,2024
Noah Brown,WAS,WR,1210000.0,2024
Taylor Heinicke,LAC,QB,1210000.0,2024
JuJu Smith-Schuster,KC,WR,1210000.0,2024
Laken Tomlinson,SEA,,1210000.0,2024
Russell Wilson,PIT,QB,1210000.0,2024
Mekhi Blackmon,MIN,CB,1205474.0,2024
Brodric Martin,DET,DL,1205474.0,2024
Tre Tucker,LV,WR,1205474.0,2024
Jake Moody,SF,K,1205473.0,2024
Blake Fisher,HOU,,1199169.0,2024
Cade Otton,TB,TE,1193486.0,2024
Greg Dulcich,NYG,TE,1193184.0,2024
Kevin Givens,SF,DL,1192500.0,2024
Cole Bishop,BUF,S,1190545.0,2024
Dameon Pierce,HOU,RB,1188858.0,2024
Nick Saldiveri,NO,,1188571.0,2024
Coby Bryant,SEA,S,1186951.0,2024
Daniel Faalele,BAL,,1185085.0,2024
Max Mitchell,NYJ,,1184006.0,2024
Daniel Bellinger,NYG,TE,1183276.0,2024
Percy Butler,WAS,FS,1182254.0,2024
Dane Belton,NYG,S,1181122.0,2024
D'ante Smith,CIN,,1179836.0,2024
Damarri Mathis,DEN,CB,1179741.0,2024
Ennis Rakestraw,DET,CB,1179045.0,2024
Eyioma Uwazurike,DEN,DL,1176467.0,2024
Micheal Clemons,NYJ,DE,1176024.0,2024
Malik Willis,GB,QB,1174100.0,2024
Zamir White,LV,RB,1170983.0,2024
Roger Rosengarten,BAL,,1170421.0,2024
Kingsley Suamataia,KC,,1167546.0,2024
Christian Kuntz,PIT,LS,1163333.0,2024
Aaron Brewer,ARI,LS,1162265.0,2024
Mike Pennel,KC,DL,1162265.0,2024
Renardo Green,SF,CB,1161795.0,2024
Jake Ferguson,DAL,TE,1161221.0,2024
Charlie Kolar,BAL,TE,1161221.0,2024
Jordan Stout,BAL,P,1159459.0,2024
Romeo Doubs,GB,WR,1155979.0,2024
Spencer Burford,SF,,1153014.0,2024
Matthew Adams,NYG,LB,1152500.0,2024
Kyle Allen,PIT,QB,1152500.0,2024
Michael Badgley,DET,K,1152500.0,2024
Chris Board,BAL,LB,1152500.0,2024
Cameron Brown,MIA,LB,1152500.0,2024
Morgan Cox,TEN,LS,1152500.0,2024
Michael Dunn,CLE,,1152500.0,2024
William Gholston,TB,DL,1152500.0,2024
C.J. Goodwin,DAL,CB,1152500.0,2024
Kamu Grugier-Hill,MIN,LB,1152500.0,2024
Antonio Hamilton,ATL,CB,1152500.0,2024
Da'shawn Hand,MIA,DE,1152500.0,2024
Will Harris,NO,S,1152500.0,2024
Deonte Harty,BAL,WR,1152500.0,2024
Jaylinn Hawkins,NE,S,1152500.0,2024
Khadarel Hodge,ATL,WR,1152500.0,2024
Tanner Hudson,CIN,TE,1152500.0,2024
Noah Igbinoghene,WAS,CB,1152500.0,2024
J.J. Jansen,CAR,LS,1152500.0,2024
Van Jefferson,PIT,WR,1152500.0,2024
John Johnson,LAR,S,1152500.0,2024
Josh Johnson,BAL,QB,1152500.0,2024
Ty Johnson,BUF,RB,1152500.0,2024
Casey Kreiter,NYG,LS,1152500.0,2024
Chris Manhertz,NYG,TE,1152500.0,2024
Jake Martin,CHI,DE,1152500.0,2024
Rodney McLeod,CLE,S,1152500.0,2024
Storm Norton,ATL,,1152500.0,2024
Gunner Olszewski,NYG,WR,1152500.0,2024
Matt Peart,DEN,,1152500.0,2024
Patrick Scales,CHI,LS,1152500.0,2024
Nick Scott,CAR,SS,1152500.0,2024
Trent Sieg,DAL,LS,1152500.0,2024
James Smith-Williams,ATL,DL,1152500.0,2024
Aaron Stinnie,NYG,,1152500.0,2024
Brent Urban,BAL,DL,1152500.0,2024
Kindle Vildor,DET,CB,1152500.0,2024
Anthony Walker Jr.,MIA,LB,1152500.0,2024
Jon Weeks,HOU,LS,1152500.0,2024
Eric Wilson,GB,LB,1152500.0,2024
James Winchester,KC,LS,1152500.0,2024
Joshua Williams,KC,CB,1151565.0,2024
Cordell Volson,CIN,,1149221.0,2024
Luke Farrell,JAX,TE,1144505.0,2024
Jamien Sherwood,NYJ,S,1143714.0,2024
Ta'Quon Graham,ATL,DL,1142653.0,2024
Kenneth Gainwell,PHI,RB,1138882.0,2024
Jaylon Moore,SF,,1135758.0,2024
Isaiahh Loudermilk,PIT,DL,1135072.0,2024
Joe Bachie,CIN,LB,1135000.0,2024
Ernest Johnson,JAX,RB,1135000.0,2024
Olamide Zaccheaus,WAS,WR,1135000.0,2024
Brenden Jaimes,LAC,,1134445.0,2024
Tommy Doyle,BUF,,1133931.0,2024
Ross Dwelley,ATL,TE,1131323.0,2024
JK Dobbins,LAC,RB,1130000.0,2024
Tyler Johnson,LAR,WR,1130000.0,2024
Adam Prentice,NO,,1130000.0,2024
Joey Slye,NE,K,1127500.0,2024
Ben Bartch,SF,,1125000.0,2024
Jacob Bobenmoyer,LV,LS,1125000.0,2024
Oren Burks,PHI,LB,1125000.0,2024
Andre Dillard,GB,,1125000.0,2024
Greg Dortch,ARI,WR,1125000.0,2024
Blake Ferguson,MIA,LS,1125000.0,2024
D'Onta Foreman,CLE,RB,1125000.0,2024
Sam Franklin,CAR,S,1125000.0,2024
Hayden Hurst,LAC,TE,1125000.0,2024
David Moore,CAR,WR,1125000.0,2024
Matthew Orzech,GB,LS,1125000.0,2024
Craig Reynolds,DET,RB,1125000.0,2024
K.J. Britt,TB,LB,1121574.0,2024
Jakorian Bennett,LV,CB,1120899.0,2024
Kelee Ringo,PHI,CB,1120231.0,2024
Blake Freeland,IND,,1118970.0,2024
Anthony Bradford,SEA,,1115996.0,2024
Dylan Horton,HOU,DE,1115259.0,2024
Avery Williams,ATL,RB,1115038.0,2024
Adetomiwa Adebawore,IND,DL,1114227.0,2024
Dawand Jones,CLE,,1113083.0,2024
Calvin Austin,PIT,WR,1111085.0,2024
Decobie Durant,LAR,CB,1111085.0,2024
Isaiah Likely,BAL,TE,1111085.0,2024
Chig Okonkwo,TEN,TE,1111085.0,2024
Zach Tom,GB,,1111085.0,2024
Nick Niemann,LAC,LB,1108501.0,2024
Clark Phillips III,ATL,CB,1108382.0,2024
Chandler Zavala,CAR,,1107934.0,2024
Roschon Johnson,CHI,RB,1107172.0,2024
Colby Wooden,GB,DL,1106982.0,2024
Sidy Sow,NE,,1106028.0,2024
Trey Benson,ARI,RB,1105127.0,2024
Malachi Corley,NYJ,WR,1104265.0,2024
Chamarri Conner,KC,CB,1102842.0,2024
Brandon Coleman,WAS,,1101495.0,2024
Carter Warren,NYJ,,1101080.0,2024
Elijah Mitchell,SF,RB,1100892.0,2024
River Cracraft,MIA,WR,1100000.0,2024
Brandin Echols,NYJ,CB,1098545.0,2024
Chris Evans,CIN,RB,1098222.0,2024
Landon Young,NO,,1097445.0,2024
Stone Forsythe,SEA,,1096656.0,2024
Kenny Yeboah,NYJ,TE,1095982.0,2024
Junior Colson,LAC,LB,1095819.0,2024
Victor Dimukeje,ARI,LB,1095465.0,2024
Tavius Robinson,BAL,OLB,1095141.0,2024
Damar Hamlin,BUF,S,1095119.0,2024
Derius Davis,LAC,WR,1092983.0,2024
Isaiah McGuire,CLE,DE,1092983.0,2024
Matt Hennessy,SF,,1092500.0,2024
Jake Haener,NO,QB,1091204.0,2024
Andru Phillips,NYG,CB,1090171.0,2024
Sam Ehlinger,IND,QB,1087677.0,2024
Isaiah McDuffie,GB,LB,1087677.0,2024
Israel Mukuamu,DAL,CB,1087677.0,2024
Tyler Lacy,JAX,DE,1086781.0,2024
Isaiah Adams,ARI,,1086323.0,2024
Trevis Gipson,SEA,LB,1085000.0,2024
Charlie Jones,CIN,WR,1084694.0,2024
Trevin Wallace,CAR,LB,1083606.0,2024
Nick Herbig,PIT,OLB,1083230.0,2024
Tyler Scott,CHI,WR,1080863.0,2024
Cooper Beebe,DAL,C,1079949.0,2024
Jay Ward,MIN,CB,1078386.0,2024
Lucas Patrick,NO,C,1077500.0,2024
Kiran Amegadjie,CHI,,1075331.0,2024
Micah McFadden,NYG,LB,1073927.0,2024
D.J. Davidson,NYG,DE,1073529.0,2024
Khalil Shakir,BUF,WR,1071787.0,2024
Jalyn Armour-Davis,BAL,CB,1071748.0,2024
Tyler Allgeier,ATL,RB,1068474.0,2024
Delarrin Turner-Yell,DEN,S,1068264.0,2024
Tariq Woolen,SEA,CB,1068054.0,2024
Jonah Elliss,DEN,OLB,1067402.0,2024
Delmar Glaze,LV,,1066507.0,2024
Jerome Ford,CLE,RB,1065537.0,2024
Zyon McCollum,TB,CB,1065433.0,2024
Calen Bullock,HOU,S,1064909.0,2024
Otito Ogbonnia,LAC,DL,1064720.0,2024
D'Marco Jackson,NO,LB,1064229.0,2024
Kyren Williams,LAR,RB,1062601.0,2024
Michael Ford,CLE,CB,1062500.0,2024
Nick Gates,PHI,C,1062500.0,2024
Matt Goncalves,IND,,1061643.0,2024
Tycen Anderson,CIN,S,1061521.0,2024
DaRon Bland,DAL,CB,1061197.0,2024
Deandre Carter,CHI,WR,1060000.0,2024
Braxton Jones,CHI,,1059888.0,2024
Ty Chandler,MIN,RB,1059710.0,2024
Jermaine Burton,CIN,WR,1058345.0,2024
Luke Wattenberg,DEN,C,1056930.0,2024
Christian Haynes,SEA,,1055048.0,2024
Zayne Anderson,GB,S,1055000.0,2024
Quinn Bailey,DEN,,1055000.0,2024
Simi Fehoko,LAC,WR,1055000.0,2024
Jake Hanson,NYJ,C,1055000.0,2024
Michael Jackson,CAR,CB,1055000.0,2024
Roy Lopez,ARI,DL,1055000.0,2024
Curtis Robinson,SF,LB,1055000.0,2024
Isaiah Rodgers,PHI,CB,1055000.0,2024
Trey Sermon,IND,RB,1055000.0,2024
Grant Stuard,IND,LB,1055000.0,2024
Jay Tufele,CIN,DL,1055000.0,2024
Marlon Tuipulotu,KC,DL,1055000.0,2024
Cole Van Lanen,JAX,,1055000.0,2024
Dominique Robinson,CHI,DE,1053289.0,2024
Tip Reiman,ARI,TE,1052711.0,2024
Krys Barnes,ARI,LB,1052500.0,2024
David Bell,CLE,WR,1051166.0,2024
Blake Corum,LAR,RB,1047957.0,2024
Damone Clark,DAL,LB,1045638.0,2024
Kingsley Enagbare,GB,DE,1045638.0,2024
Roman Wilson,PIT,WR,1044576.0,2024
Christian Benford,BUF,CB,1043019.0,2024
Zak Zinter,CLE,,1042680.0,2024
Aidan O'Connell,LV,QB,1042345.0,2024
Dominick Puni,SF,,1036463.0,2024
Kyle Hinton,ATL,,1035000.0,2024
Rick Lovato,PHI,LS,1035000.0,2024
MyCole Pruitt,PIT,TE,1035000.0,2024
Matt Pryor,CHI,,1035000.0,2024
Marist Liufau,DAL,LB,1034821.0,2024
Marshawn Lloyd,GB,RB,1034821.0,2024
Tykee Smith,TB,S,1034003.0,2024
Nick Zakelj,SF,,1032589.0,2024
Ty'Ron Hopper,GB,LB,1032368.0,2024
Malcolm Rodr,DET,LB,1031980.0,2024
Jalen Nailor,MIN,WR,1030165.0,2024
Jalen McMillan,TB,WR,1029641.0,2024
Jamaree Salyer,LAC,,1028982.0,2024
Grant Calcaterra,PHI,TE,1028536.0,2024
L.J. Collier,ARI,DE,1028462.0,2024
Adisa Isaac,BAL,OLB,1026915.0,2024
Jalyx Hunt,PHI,LB,1024188.0,2024
Connor Heyward,PIT,TE,1023806.0,2024
Joshua Uche,KC,LB,1022220.0,2024
DeWayne Carter,BUF,DL,1021463.0,2024
Kalia Davis,SF,DL,1018004.0,2024
Derion Kendrick,LAR,CB,1018004.0,2024
Ko Kieft,TB,TE,1018004.0,2024
Quentin Lake,LAR,S,1018004.0,2024
Ja'Sir Taylor,LAC,CB,1018003.0,2024
Jarrian Jones,JAX,CB,1017511.0,2024
Kamren Kinchens,LAR,S,1017511.0,2024
Luke McCaffrey,WAS,WR,1017511.0,2024
Payton Wilson,PIT,LB,1017511.0,2024
Montaric Brown,JAX,CB,1013995.0,2024
Ja'Tavion Sanders,CAR,TE,1013559.0,2024
Mark Robinson,PIT,LB,1013089.0,2024
Chris Paul,WAS,,1011111.0,2024
Baylon Spector,BUF,LB,1010931.0,2024
Dadrion Taylor-Demerson,ARI,S,1010414.0,2024
Dareke Young,SEA,WR,1010275.0,2024
Dan Skipper,DET,,1010000.0,2024
Deane Leonard,LAC,CB,1009916.0,2024
Thayer Munford Jr.,LV,,1009265.0,2024
Rodney Thomas,IND,FS,1008846.0,2024
Troy Franklin,DEN,WR,1008709.0,2024
Elijah Wilkinson,ATL,,1008333.0,2024
Layden Robinson,NE,,1008018.0,2024
Byron Young,PHI,DL,1007669.0,2024
Jaylen Watson,KC,CB,1006343.0,2024
Yasir Abdullah,JAX,LB,1006304.0,2024
Rasheed Walker,GB,,1005218.0,2024
Isiah Pacheco,KC,RB,1004777.0,2024
Justin Eboigbe,LAC,DL,1004753.0,2024
Elijah Hicks,CHI,CB,1004252.0,2024
Brock Purdy,SF,QB,1004252.0,2024
Theo Johnson,NYG,TE,1002859.0,2024
Clayton Tune,ARI,QB,1002656.0,2024
Brandon Dorlus,ATL,DL,1000599.0,2024
Dorian Thompson-Robinson,CLE,QB,1000568.0,2024
Cameron Mitchell,CLE,CB,999308.0,2024
Javon Baker,NE,WR,999149.0,2024
Jordan Howden,NO,S,996682.0,2024
Scott Daly,CHI,LS,996389.0,2024
James Lynch,TEN,DL,996389.0,2024
Ihmir Smith-Marsette,NYG,WR,996387.0,2024
Josh Whyle,TEN,TE,996343.0,2024
Noah Sewell,CHI,LB,996237.0,2024
Matt Waletzko,DAL,,995873.0,2024
Evan Williams,GB,S,995720.0,2024
Decamerion Richardson,LV,CB,995254.0,2024
Joey Blount,ARI,S,995080.0,2024
Colby Sorsdal,DET,,995021.0,2024
Kader Kohou,MIA,CB,995000.0,2024
Devontez Walker,BAL,WR,994463.0,2024
Javon Foster,JAX,,994266.0,2024
Olu Oluwatimi,SEA,C,994114.0,2024
Darrell Luter Jr.,SF,CB,993378.0,2024
Erick All,CIN,TE,993276.0,2024
Jordan McFadden,LAC,,993035.0,2024
Jordan Jefferson,JAX,DL,990769.0,2024
Dontayvion Wicks,GB,WR,990637.0,2024
Antonio Johnson,JAX,S,990458.0,2024
Markquese Bell,DAL,S,990000.0,2024
Tanor Bortolini,IND,,989968.0,2024
Nick Hampton,LAR,OLB,989776.0,2024
Jaylen Warren,PIT,RB,989000.0,2024
Dee Alford,ATL,CB,988500.0,2024
Tony Adams,NYJ,FS,988334.0,2024
Wesley French,IND,C,988334.0,2024
Jordan Mason,SF,RB,988334.0,2024
Luke Masterson,LV,OLB,988334.0,2024
Ryan Stonehouse,TEN,P,988334.0,2024
Tyrice Knight,SEA,LB,988140.0,2024
Will Mallory,IND,TE,987648.0,2024
Anthony Bell,CLE,S,987500.0,2024
Jake Hansen,HOU,LB,987500.0,2024
Jack Sanborn,CHI,LB,987500.0,2024
Jake Hummel,LAR,LB,986667.0,2024
Stone Smartt,LAC,TE,986667.0,2024
Ryan Wright,MIN,P,986667.0,2024
Chase Brown,CIN,RB,986539.0,2024
Mason McCormick,PIT,,986224.0,2024
Jaylon Jones,CHI,S,985834.0,2024
Jaylen Wright,MIA,RB,985005.0,2024
Micah Abernathy,ATL,S,985000.0,2024
Cal Adomitis,CIN,LS,985000.0,2024
Kayode Awosika,DET,,985000.0,2024
Darrell Baker Jr.,TEN,CB,985000.0,2024
Quinton Bell,MIA,LB,985000.0,2024
Raheem Blackshear,CAR,RB,985000.0,2024
Josh Blackwell,CHI,CB,985000.0,2024
Bradley Bozeman,LAC,C,985000.0,2024
Mike Brown,TEN,S,985000.0,2024
Julius Chestnut,TEN,RB,985000.0,2024
Jack Cochrane,KC,LB,985000.0,2024
Tanner Conner,MIA,WR,985000.0,2024
Britain Covey,PHI,WR,985000.0,2024
Trevor Denbow,IND,S,985000.0,2024
Jeff Driskel,WAS,QB,985000.0,2024
Sam Eguavoen,NYJ,LB,985000.0,2024
Christian Elliss,NE,LB,985000.0,2024
Mitchell Fraboni,DEN,LS,985000.0,2024
Neville Gallimore,LAR,DL,985000.0,2024
Jack Gibbens,TEN,LB,985000.0,2024
Eddie Goldman,ATL,DL,985000.0,2024
Bryce Hall,TB,CB,985000.0,2024
Mecole Hardman,KC,WR,985000.0,2024
Hassan Haskins,LAC,RB,985000.0,2024
Malik Herring,KC,DE,985000.0,2024
Brock Hoffman,DAL,C,985000.0,2024
Darnay Holmes,LV,CB,985000.0,2024
Sam Howell,SEA,QB,985000.0,2024
Theo Jackson,MIN,CB,985000.0,2024
Eric Johnson,NE,DL,985000.0,2024
Nazeeh Johnson,KC,CB,985000.0,2024
Jack Jones,LV,CB,985000.0,2024
Tim Jones,JAX,WR,985000.0,2024
Vederian Lowe,NE,,985000.0,2024
Jesse Luketa,ARI,LB,985000.0,2024
Tyler Matakevich,PIT,LB,985000.0,2024
Liam McCullough,ATL,LS,985000.0,2024
Cameron McGrone,IND,LB,985000.0,2024
Jeremy McNichols,WAS,RB,985000.0,2024
Fabian Moreau,MIN,CB,985000.0,2024
Quintin Morris,BUF,TE,985000.0,2024
Ryan Neuzil,ATL,C,985000.0,2024
Xavier Newman-Johnson,NYJ,,985000.0,2024
Ben Niemann,DET,LB,985000.0,2024
Isaiah Pola-Mao,LV,S,985000.0,2024
Troy Reeder,LAR,LB,985000.0,2024
John Ridgeway,NO,DL,985000.0,2024
Ronnie Rivers,LAR,RB,985000.0,2024
Janarius Robinson,LV,DL,985000.0,2024
J.J. Russell,TB,LB,985000.0,2024
Brett Rypien,MIN,QB,985000.0,2024
Foster Sarell,LAC,,985000.0,2024
Pierre Strong,CLE,RB,985000.0,2024
Chazz Surratt,NYJ,LB,985000.0,2024
Teair Tart,LAC,DL,985000.0,2024
D.J. Turner,LV,WR,985000.0,2024
Kavontae Turpin,DAL,WR,985000.0,2024
Nick Vannett,TEN,TE,985000.0,2024
Mykal Walker,WAS,LB,985000.0,2024
Ar'Darius Washington,BAL,S,985000.0,2024
Chris Williams,CHI,DL,985000.0,2024
Trayveon Williams,CIN,RB,985000.0,2024
Samuel Womack,IND,CB,985000.0,2024
Oshane Ximines,NE,LB,985000.0,2024
Terell Smith,CHI,CB,983971.0,2024
A.J. Barner,SEA,TE,983777.0,2024
B.J. Thompson,KC,DE,982913.0,2024
Tory Taylor,CHI,P,981975.0,2024
Cameron Young,SEA,DL,980210.0,2024
Malik Mustapha,SF,S,979734.0,2024
Cade Stover,HOU,TE,979734.0,2024
Ventrell Miller,JAX,LB,979234.0,2024
Jon Gaines II,ARI,,978060.0,2024
Bucky Irving,TB,RB,977888.0,2024
Kei'Trel Clark,ARI,CB,977233.0,2024
Giovanni Manu,DET,,976414.0,2024
Davis Allen,LAR,TE,976244.0,2024
Robert Beal Jr.,SF,DE,976244.0,2024
Payne Durham,TB,TE,976244.0,2024
Eric Gray,NYG,RB,976244.0,2024
Warren McClendon Jr.,LAR,,976244.0,2024
Puka Nacua,LAR,WR,976244.0,2024
Owen Pappoe,ARI,LB,976244.0,2024
Asim Richards,DAL,,976244.0,2024
Christopher Smith II,LV,S,976244.0,2024
Henry To'oTo'o,HOU,LB,976244.0,2024
Will Shipley,PHI,RB,974241.0,2024
Ray Davis,BUF,RB,973297.0,2024
Isaac Guerendo,SF,RB,971132.0,2024
Stetson Bennett,LAR,QB,969785.0,2024
T.J. Tampa,BAL,CB,969614.0,2024
Karl Brooks,GB,DL,968007.0,2024
Jared Wiley,KC,TE,967155.0,2024
Josh Hayes,TB,S,966093.0,2024
Darian Kinnard,PHI,,965000.0,2024
JL Skinner,DEN,S,964055.0,2024
Parker Washington,JAX,WR,963066.0,2024
Jaelyn Duncan,TEN,,962450.0,2024
Kayshon Boutte,NE,WR,961818.0,2024
Tanner McKee,PHI,QB,961630.0,2024
Trey Palmer,TB,WR,959823.0,2024
Bryce Baringer,NE,P,959614.0,2024
Andrew Ogletree,IND,TE,959547.0,2024
Scott Matlock,LAC,,958074.0,2024
Jarrett Patterson,HOU,C,957493.0,2024
Dante Stills,ARI,DE,957153.0,2024
Amari Burney,LV,LB,956279.0,2024
Jarrick Bernard-Converse,NYJ,CB,956278.0,2024
Xavier Hutchinson,HOU,WR,955926.0,2024
Andrei Iosivas,CIN,WR,954846.0,2024
Tre Hawkins III,NYG,CB,952380.0,2024
Deuce Vaughn,DAL,RB,948334.0,2024
Dee Winters,SF,LB,948334.0,2024
Demario Douglas,NE,WR,948333.0,2024
McKinnley Jackson,CIN,DL,945288.0,2024
Jaylon Jones,IND,CB,943370.0,2024
Ethan Evans,LAR,P,942001.0,2024
Carrington Valentine,GB,CB,940176.0,2024
Ben Skowronek,PIT,WR,937778.0,2024
Patrick Johnson,NYG,LB,937776.0,2024
Kenny McIntosh,SEA,RB,937713.0,2024
Josiah Deguara,JAX,TE,937500.0,2024
Luke Gifford,TEN,LB,937500.0,2024
Jordon Riley,NYG,DL,935942.0,2024
Jalen Brooks,DAL,WR,935590.0,2024
D.J. Ivey,CIN,CB,935163.0,2024
Moro Ojomo,PHI,DE,934446.0,2024
Spencer Anderson,PIT,,934444.0,2024
Alex Forsyth,DEN,C,934444.0,2024
Desjuan Johnson,LAR,DL,934444.0,2024
Larrell Murchison,LAR,DL,931667.0,2024
Nick Bellore,WAS,,930278.0,2024
Khaleke Hudson,CLE,LB,930278.0,2024
Julian Okwara,ARI,LB,930278.0,2024
Lonnie Johnson,CAR,CB,930274.0,2024
Brandon Parker,ATL,,930274.0,2024
Kyle Peko,DET,DL,930274.0,2024
Austin Seibert,WAS,K,930274.0,2024
Corliss Waitman,PIT,P,930274.0,2024
Braelon Allen,NYJ,RB,927177.0,2024
Jacob Cowing,SF,WR,927177.0,2024
Jaden Hicks,KC,S,927177.0,2024
Sione Vaki,DET,RB,927177.0,2024
Starling Thomas,ARI,CB,925080.0,2024
Travis Vokolek,ARI,TE,925080.0,2024
Tyson Bagent,CHI,QB,923333.0,2024
Chuma Edoga,DAL,,922779.0,2024
Ronnie Hickman,CLE,S,921666.0,2024
Hunter Luepke,DAL,,921666.0,2024
Ivan Pace,MIN,LB,921666.0,2024
Xavier Gipson,NYJ,WR,920000.0,2024
Cam Jones,KC,LB,920000.0,2024
Jaleel McLaughlin,DEN,RB,920000.0,2024
Ryan Van Demark,BUF,,919500.0,2024
Alec Anderson,BUF,,919250.0,2024
Julian Hill,MIA,TE,919166.0,2024
Ja'Marcus Ingram,BUF,CB,918750.0,2024
Nate Adkins,DEN,TE,918333.0,2024
T.J. Bass,DAL,,918333.0,2024
Jake Bobo,SEA,WR,918333.0,2024
Christian Izien,TB,S,918333.0,2024
Eli Ricks,PHI,CB,918333.0,2024
Brenton Cox Jr.,GB,LB,918000.0,2024
Malik Heath,GB,WR,918000.0,2024
Chris Stoll,SEA,LS,917166.0,2024
Sean Tucker,TB,RB,916666.0,2024
Alex Ward,LAR,LS,916666.0,2024
Blake Grupe,NO,K,915833.0,2024
Markees Watts,TB,OLB,915333.0,2024
Brandon Aubrey,DAL,K,915000.0,2024
Ethan Bonner,MIA,CB,915000.0,2024
Thomas Booker,PHI,DL,915000.0,2024
Nick Broeker,HOU,,915000.0,2024
Jake Browning,CIN,QB,915000.0,2024
Mike Caliendo,KC,,915000.0,2024
Irvin Charles,NYJ,WR,915000.0,2024
Claudin Cherelus,CAR,LB,915000.0,2024
Keondre Coburn,TEN,DL,915000.0,2024
Tommy DeVito,NYG,QB,915000.0,2024
Tyler Goodson,IND,RB,915000.0,2024
Daniel Hardy,CHI,DE,915000.0,2024
Elijah Higgins,ARI,,915000.0,2024
Buddy Johnson,DAL,LB,915000.0,2024
Anthony Johnson Jr.,NYG,CB,915000.0,2024
Doug Kramer,CHI,C,915000.0,2024
Lucas Krull,DEN,TE,915000.0,2024
Isaiah Land,IND,DE,915000.0,2024
Ryan McCollum,PIT,C,915000.0,2024
Tristin McCollum,PHI,CB,915000.0,2024
Quan McMillian,DEN,CB,915000.0,2024
Bo Melton,GB,WR,915000.0,2024
Jordan Meredith,LV,,915000.0,2024
Jeremiah Moon,PIT,OLB,915000.0,2024
Arron Mosby,GB,LB,915000.0,2024
Bill Murray,CHI,,915000.0,2024
Trevor Nowaske,DET,LB,915000.0,2024
Carter O'Donnell,ARI,,915000.0,2024
Segun Olubi,IND,LB,915000.0,2024
Esezi Otomewo,JAX,DE,915000.0,2024
Jeremiah Pharms,NE,DL,915000.0,2024
LaBryan Ray,CAR,DL,915000.0,2024
Otis Reese,TEN,LB,915000.0,2024
Andrew Rupcich,TEN,,915000.0,2024
Brady Russell,SEA,TE,915000.0,2024
Ben Sims,GB,TE,915000.0,2024
Drake Thomas,SEA,LB,915000.0,2024
Juanyeh Thomas,DAL,S,915000.0,2024
Jake Tonges,SF,TE,915000.0,2024
Ben VanSumeren,PHI,LB,915000.0,2024
Tyrus Wheat,DAL,DE,915000.0,2024
Daniel Whelan,GB,P,915000.0,2024
Emanuel Wilson,GB,RB,915000.0,2024
Marco Wilson,CIN,CB,903257.0,2024
Caedan Wallace,NE,,900173.0,2024
Jake Bates,DET,K,895000.0,2024
Nehemiah Pritchett,SEA,CB,889768.0,2024
Tarheeb Still,LAC,CB,888930.0,2024
Cam Hart,LAC,CB,885982.0,2024
Sedrick Van Pran-Granger,BUF,C,883813.0,2024
Anthony Gould,IND,WR,883166.0,2024
Xavier Thomas,ARI,DE,882656.0,2024
JD Bertrand,ATL,LB,882506.0,2024
Austin Booker,CHI,DE,882285.0,2024
Kris Abrams-Draine,DEN,CB,882068.0,2024
Jarvis Brownlee Jr.,TEN,CB,880509.0,2024
Tommy Eichenberg,LV,LB,879428.0,2024
Josh Newton,CIN,CB,879319.0,2024
Naquan Jones,ARI,DL,879167.0,2024
Shane Lemieux,NO,C,879165.0,2024
Spencer Rattler,NO,QB,879120.0,2024
Jaylon Carlies,IND,S,879060.0,2024
Josh Reynolds,JAX,WR,878610.0,2024
Deantre Prince,JAX,CB,878057.0,2024
Brennan Jackson,LAR,OLB,877342.0,2024
Jeremiah Trotter Jr.,PHI,LB,877117.0,2024
Jamari Thrash,CLE,WR,876352.0,2024
Chau Smith-Wade,CAR,CB,875996.0,2024
Tyler Huntley,MIA,QB,875556.0,2024
Feleipe Franks,CAR,TE,875552.0,2024
Carlos Watkins,DAL,DE,875552.0,2024
Mike Morris,SEA,DE,875519.0,2024
Mohamed Kamara,MIA,LB,875218.0,2024
Hunter Nourzad,KC,C,874879.0,2024
Edefuan Ulofoshio,BUF,LB,873506.0,2024
Dominique Hampton,WAS,S,873321.0,2024
Jacob Monk,GB,C,870404.0,2024
Tyrone Tracy,NYG,RB,866588.0,2024
Cedric Gray,TEN,LB,859181.0,2024
Caelen Carson,DAL,CB,858569.0,2024
Isaiah Davis,NYJ,RB,858569.0,2024
Jaylan Ford,NO,LB,858569.0,2024
Trevor Keegan,PHI,,858569.0,2024
Bub Means,NO,WR,858569.0,2024
Kitan Oladapo,GB,S,858569.0,2024
Javon Solomon,BUF,DE,858569.0,2024
Qwan'tez Stiggers,NYJ,CB,858569.0,2024
Walter Rouse,MIN,,851648.0,2024
Sataoa Laumea,SEA,,849129.0,2024
Marcellas Dial,NE,CB,848032.0,2024
Kimani Vidal,LAC,RB,846859.0,2024
Jha'Quan Jackson,TEN,WR,845917.0,2024
Darius Muasau,NYG,LB,845228.0,2024
Malik Washington,MIA,WR,844890.0,2024
Johnny Wilson,PHI,WR,844252.0,2024
Jase McClellan,ATL,RB,843592.0,2024
Casey Washington,ATL,WR,843399.0,2024
Jamal Hill,HOU,LB,842348.0,2024
Mekhi Wingo,DET,DL,841700.0,2024
Joe Milton III,NE,QB,840829.0,2024
Tanner McLachlan,CIN,TE,840764.0,2024
Tyler Davis,LAR,DL,840638.0,2024
Khristian Boyd,NO,DL,839707.0,2024
Kurt Hinish,HOU,DL,838334.0,2024
Travis Glover,GB,,837845.0,2024
Will Reichard,MIN,K,837655.0,2024
Emari Demercado,ARI,RB,836747.0,2024
Michael Jerrell,SEA,,835015.0,2024
Dylan Laube,LV,RB,833798.0,2024
Ryan Flournoy,DAL,WR,829597.0,2024
Cedric Johnson,CIN,DE,829597.0,2024
Joshua Karty,LAR,K,829597.0,2024
Elijah Klein,TB,,829597.0,2024
Beaux Limmer,LAR,C,829597.0,2024
Cam Little,JAX,K,829597.0,2024
Christian Mahogany,DET,,829597.0,2024
Jordan Whittington,LAR,WR,829597.0,2024
Daijahn Anthony,CIN,S,824446.0,2024
Brenden Rice,LAC,WR,823648.0,2024
Nick Samac,BAL,C,822461.0,2024
Michael Jurgens,MIN,C,822185.0,2024
Jaheim Bell,NE,TE,821648.0,2024
Levi Drake Rodriguez,MIN,DL,821497.0,2024
Cooper Hodges,JAX,,821372.0,2024
Devaughn Vele,DEN,WR,821120.0,2024
Myles Cole,JAX,DE,821019.0,2024
Calvin Anderson,PIT,,820833.0,2024
Kareem Hunt,KC,RB,820833.0,2024
Tim Patrick,DET,WR,820833.0,2024
James Pierre,PIT,CB,820833.0,2024
Allen Robinson,DET,WR,820833.0,2024
Germain Ifedi,CLE,,820830.0,2024
Ty Summers,NYG,LB,820830.0,2024
Sam Webb,LV,CB,820830.0,2024
Jody Fortson,KC,TE,820555.0,2024
Andrew Vorhees,BAL,,820528.0,2024
Matt Lee,CIN,C,820438.0,2024
James Williams,TEN,LB,817373.0,2024
Devin Culp,TB,TE,816546.0,2024
C.J. Hanson,KC,,816196.0,2024
Cory Trice Jr.,PIT,CB,816109.0,2024
Sanoussi Kane,BAL,S,815733.0,2024
Tatum Bethune,SF,LB,815452.0,2024
Jaylen Harrell,TEN,LB,815184.0,2024
Josh Wallace,LAR,CB,815000.0,2024
Chris Brooks,GB,RB,813333.0,2024
Lavon Chaisson,LV,OLB,811176.0,2024
Xavier Weaver,ARI,WR,808703.0,2024
Ethan Driskell,KC,,808333.0,2024
Dalton Tucker,IND,,808333.0,2024
Audric Estim,DEN,RB,807558.0,2024
Amari Cooper,BUF,WR,806667.0,2024
Mohamoud Diabate,CLE,LB,806666.0,2024
Jake Kubas,NYG,,805000.0,2024
Beanie Bishop,PIT,CB,803333.0,2024
Beau Brade,BAL,S,803333.0,2024
Frank Crum,DEN,,803333.0,2024
Storm Duck,MIA,CB,801666.0,2024
Bryce Ford-Wheaton,NYG,WR,801666.0,2024
Tyrek Funderburk,TB,CB,801666.0,2024
Amari Gainer,LV,OLB,801666.0,2024
Braiden McGregor,NYJ,DE,801666.0,2024
Tyler Owens,WAS,S,801666.0,2024
Alex Palczewski,DEN,,801666.0,2024
Brevyn Spann-Ford,DAL,TE,801666.0,2024
Eric Watts,NYJ,DE,801666.0,2024
Jaylen McCollough,LAR,S,800000.0,2024
Andrew Meyer,MIA,C,800000.0,2024
Maema Njongmeta,CIN,LB,800000.0,2024
Rico Payton,NO,CB,800000.0,2024
Joe Andreessen,BUF,LB,799697.0,2024
Matthew Hayball,NO,P,798333.0,2024
Dallin Holker,NO,TE,798333.0,2024
Dwight McGlothern,MIN,CB,798333.0,2024
Leonard Taylor,NYJ,DL,798333.0,2024
Mason Tipton,NO,WR,798333.0,2024
Colson Yankoff,WAS,TE,798333.0,2024
Dell Pettus,NE,S,798000.0,2024
Omar Speights,LAR,LB,798000.0,2024
David Martin-Robinson,TEN,TE,797500.0,2024
Christian Roland-Wallace,KC,CB,796666.0,2024
Taki Taimani,MIN,DL,796666.0,2024
John Stephens,DAL,TE,796000.0,2024
Jerrick Reed II,SEA,S,795367.0,2024
Elijah Chatman,NYG,DL,795333.0,2024
Hogan Hatten,DET,LS,795333.0,2024
Matt Araiza,KC,P,795000.0,2024
Shemar Bartholomew,CAR,CB,795000.0,2024
Brandon Codrington,BUF,CB,795000.0,2024
Jalen Coker,CAR,WR,795000.0,2024
Ali Gaye,TEN,LB,795000.0,2024
Thomas Harper,LV,S,795000.0,2024
Jordan Jackson,DEN,DL,795000.0,2024
Curtis Jacobs,NE,LB,795000.0,2024
Demontrey Jacobs,NE,,795000.0,2024
Devon Key,DEN,S,795000.0,2024
Jarrett Kingston,CAR,,795000.0,2024
Jonah Laulu,LV,DL,795000.0,2024
Michael Niese,DET,C,795000.0,2024
Anfernee Orji,NO,LB,795000.0,2024
Jose Ramirez,TB,OLB,795000.0,2024
Ryan Rehkow,CIN,P,795000.0,2024
Cody Schrader,LAR,RB,795000.0,2024
Charles Snowden,LV,DL,795000.0,2024
Carson Steele,KC,RB,795000.0,2024
Jalen Sundell,SEA,,795000.0,2024
Kadeem Telfort,GB,,795000.0,2024
Julius Wood,TEN,S,795000.0,2024
Rasheen Ali,BAL,RB,777188.0,2024
Cam Akers,MIN,RB,770587.0,2024
Tyus Bowser,MIA,LB,766111.0,2024
Max Scharping,PIT,,766111.0,2024
Sterling Shepard,TB,WR,766111.0,2024
Byron Cowart,CHI,DL,766108.0,2024
Nick Vigil,DAL,LB,766108.0,2024
Sam Okuayinonu,SF,DE,762495.0,2024
Jordan Magee,WAS,LB,761417.0,2024
Rakim Jarrett,TB,WR,759999.0,2024
Bralen Trice,ATL,OLB,753134.0,2024
Ainias Smith,PHI,WR,752184.0,2024
Dylan McMahon,LAR,C,750833.0,2024
Winston Reid,CLE,LB,750833.0,2024
Alex Austin,NE,CB,741274.0,2024
Jalen Mills,NYJ,CB,739444.0,2024
Javontae Jean-Baptiste,WAS,DE,735023.0,2024
Trey Taylor,LV,S,734403.0,2024
Nephi Sewell,NO,LB,726667.0,2024
Elijah Jones,ARI,CB,712433.0,2024
Jaquelin Roy,NE,DL,711662.0,2024
John FitzPatrick,GB,TE,711389.0,2024
Teagan Quitoriano,HOU,TE,711389.0,2024
Geoff Swaim,CLE,TE,711389.0,2024
Tony Brown,CLE,CB,711386.0,2024
Carl Lawson,DAL,DE,711386.0,2024
C.J. Brewer,TB,DL,706672.0,2024
Justin Dedich,LAR,C,706667.0,2024
Dondrea Tillman,DEN,OLB,706667.0,2024
Ka'dar Hollman,HOU,CB,703332.0,2024
Jake Andrews,NE,C,697086.0,2024
Christian Jones,ARI,,695204.0,2024
C.J. Henderson,PIT,CB,687500.0,2024
Marquez Valdes-Scantling,NO,WR,687500.0,2024
Armon Watts,NYG,DL,687500.0,2024
Devin White,HOU,LB,687500.0,2024
Jaden Crumedy,CAR,DL,676608.0,2024
SirVocea Dennis,TB,LB,667663.0,2024
Keilan Robinson,JAX,RB,666879.0,2024
Tyler Badie,DEN,RB,662505.0,2024
Isaiah Bolden,NE,CB,662505.0,2024
Demani Richardson,CAR,S,662500.0,2024
Brayden Willis,SF,TE,660833.0,2024
Ben Brown,NE,,660829.0,2024
Matthew Butler,LV,DL,660829.0,2024
Sheldon Day,WAS,DL,656667.0,2024
Jalyn Holmes,WAS,DE,656667.0,2024
Chris Hubbard,NYG,,656667.0,2024
Kevin King,ATL,CB,656667.0,2024
David Long,IND,CB,656667.0,2024
Cade Mays,CAR,,656667.0,2024
Brandon McManus,GB,K,656667.0,2024
Pat O'Connor,DET,DE,656664.0,2024
Keaton Mitchell,BAL,RB,651003.0,2024
D'Wayne Eskridge,MIA,WR,644722.0,2024
Cam Gill,CAR,OLB,644722.0,2024
Kameron Johnson,TB,WR,635836.0,2024
Mike Williams,PIT,WR,627500.0,2024
Patrick McMorris,MIA,S,623275.0,2024
Tylan Grable,BUF,,620813.0,2024
Khalil Davis,SF,DL,620588.0,2024
Nathaniel Watson,CLE,LB,618333.0,2024
Chad Ryland,ARI,K,610000.0,2024
Quinton Jefferson,BUF,DL,605000.0,2024
Marshon Lattimore,WAS,CB,605000.0,2024
Jordan Phillips,BUF,DL,605000.0,2024
Za'Darius Smith,DET,DE,605000.0,2024
Ugo Amadi,NO,S,601944.0,2024
Zach Carter,LV,DL,601944.0,2024
Jack Driscoll,PHI,,601944.0,2024
Desmond Ridder,LV,QB,601944.0,2024
Ahkello Witherspoon,LAR,CB,601944.0,2024
Amani Oruwariye,DAL,CB,601942.0,2024
Keith Taylor,KC,CB,601942.0,2024
Stephen Carlson,CHI,TE,597500.0,2024
Myles Harden,CLE,CB,587862.0,2024
Blake Hance,JAX,,586111.0,2024
Shemar Jean-Charles,NO,CB,586110.0,2024
Grant DuBose,MIA,WR,578335.0,2024
Jonathan Mingo,DAL,WR,576286.0,2024
Rex Sunahara,CLE,LS,574171.0,2024
Le'Raven Clark,PHI,,570000.0,2024
Juwann Winfree,IND,WR,570000.0,2024
Tyler Davis,GB,TE,565000.0,2024
Cameron Goode,MIA,LB,565000.0,2024
Al-Quadin Muhammad,DET,DE,562500.0,2024
Shane Buechele,BUF,QB,560000.0,2024
John Ojukwu,TEN,,559163.0,2024
Josh Ross,SEA,LB,559163.0,2024
Justin Hardee,TEN,CB,547222.0,2024
Ronnie Harrison,IND,S,547222.0,2024
Cameron Sutton,PIT,CB,547222.0,2024
Josh Kelley,TEN,RB,547220.0,2024
Sam Mustipher,LAC,C,547220.0,2024
Daniel Scott,IND,S,546959.0,2024
Marlon Davidson,TEN,DL,545000.0,2024
Harrison Hand,ATL,CB,545000.0,2024
Netane Muti,DET,,545000.0,2024
Malik Taylor,NYJ,WR,545000.0,2024
Garret Wallow,TEN,LB,545000.0,2024
Nsimba Webster,CHI,WR,545000.0,2024
Tre Tomlinson,LAR,CB,544963.0,2024
Zaire Barnes,NYJ,LB,544055.0,2024
Luke Wypler,CLE,C,539993.0,2024
British Brooks,HOU,RB,539168.0,2024
Jaxson Kirkland,CIN,,534168.0,2024
Jordan Travis,NYJ,QB,533569.0,2024
Lecitus Smith,NE,C,530004.0,2024
Xavier Smith,LAR,WR,530004.0,2024
Levelle Bailey,DEN,LB,530000.0,2024
Khalil Herbert,CIN,RB,527500.0,2024
Logan Lee,PIT,DL,525018.0,2024
Antoine Green,DET,WR,524190.0,2024
Evan Deckers,TB,LS,524167.0,2024
Nathan Landman,ATL,LB,522222.0,2024
DeMarcco Hellams,ATL,S,521575.0,2024
Colton Dowell,TEN,WR,520674.0,2024
Hakeem Adeniji,CLE,,520000.0,2024
Eric Banks,TB,DL,520000.0,2024
Justin Herron,NO,,520000.0,2024
Christian Matthew,BAL,CB,520000.0,2024
Conor McDermott,LAR,,520000.0,2024
Trayvon Mullen,BAL,CB,520000.0,2024
Elijah Riley,NYG,CB,520000.0,2024
Anthony Schwartz,MIA,WR,520000.0,2024
Kion Smith,MIA,,520000.0,2024
Ryan Watts,PIT,CB,515671.0,2024
Marcelino McCrary-Ball,NYJ,LB,508333.0,2024
Justin Shorter,LV,TE,508333.0,2024
Dyontae Johnson,NYG,LB,506110.0,2024
Popo Aumavae,CAR,DL,503820.0,2024
Travis Clayton,BUF,,500396.0,2024
Nathan Thomas,DAL,,496493.0,2024
Chance Campbell,TEN,LB,495000.0,2024
Shaan Dixon,JAX,LB,495000.0,2024
Dalton Keene,HOU,TE,495000.0,2024
TK McLendon Jr.,TEN,DE,495000.0,2024
NaJee Thompson,MIN,CB,495000.0,2024
Raequan Williams,CAR,DL,495000.0,2024
Tahj Washington,MIA,WR,492599.0,2024
C.J. Beathard,JAX,QB,492500.0,2024
Jalen Reagor,LAC,WR,492500.0,2024
Peyton Hendershot,KC,TE,492498.0,2024
Tarvarius Moore,CHI,S,492498.0,2024
Zach Thomas,HOU,,492498.0,2024
Shane Zylstra,DET,TE,492498.0,2024
KT Leveston,LAR,,490184.0,2024
Ryan Miller,TB,WR,485837.0,2024
Evan Anderson,SF,DL,485833.0,2024
Bo Richter,MIN,OLB,485833.0,2024
David White Jr,JAX,WR,478333.0,2024
Nate Lynn,DET,DE,475000.0,2024
Jimmy Ciarlo,NYJ,LB,473333.0,2024
Jeff Foreman,LV,WR,473333.0,2024
Tyler McLellan,LAC,,473333.0,2024
Grayson Murphy,MIA,LB,473333.0,2024
Ian Wheeler,CHI,RB,472500.0,2024
Lance Robinson,CIN,CB,472333.0,2024
Norell Pollard,WAS,DE,471666.0,2024
Marcus Riley,NYJ,WR,471666.0,2024
Bucky Williams,LAC,,470833.0,2024
Malik Hamm,BAL,OLB,470666.0,2024
Troy Hill,TB,CB,470556.0,2024
Earl Bostick,DAL,,470000.0,2024
Robert Burns,ATL,,470000.0,2024
Douglas Coleman,CHI,S,470000.0,2024
Ryan Coll,IND,,470000.0,2024
Chris Collins,LAC,OLB,470000.0,2024
Silas Dzansi,TB,,470000.0,2024
Tomari Fox,LV,DL,470000.0,2024
Connor Galvin,DET,,470000.0,2024
Brandon Hill,HOU,S,470000.0,2024
JaQuae Jackson,NE,WR,470000.0,2024
Patrick Murtagh,JAX,TE,470000.0,2024
Joshua Onujiogu,SEA,LB,470000.0,2024
Camron Peterson,NO,DL,470000.0,2024
Jaylon Thomas,HOU,,470000.0,2024
Owen Wright,BAL,RB,470000.0,2024
Rezjohn Wright,NO,CB,470000.0,2024
Jake Curhan,CHI,,468888.0,2024
Robert Rochell,GB,CB,468888.0,2024
Jack Stoll,MIA,TE,468888.0,2024
Ameer Speed,CHI,CB,457500.0,2024
Tucker Fisk,LAC,TE,457497.0,2024
Jordan Mims,NO,RB,441670.0,2024
Bryce Oliver,TEN,WR,441670.0,2024
Michael Burton,DEN,,437778.0,2024
Mike Edwards,TB,S,437778.0,2024
Josh Jobe,SEA,CB,437778.0,2024
Pat O'Donnell,SF,P,437778.0,2024
Ezekiel Turner,DET,LB,437778.0,2024
Sam Kamara,CLE,DL,437776.0,2024
Corey Levin,TEN,C,437776.0,2024
Shaq Quarterman,LAC,LB,437776.0,2024
Eli Apple,LAC,CB,437500.0,2024
Geron Christian,CLE,,437500.0,2024
K.J. Osborn,WAS,WR,422224.0,2024
Caleb Farley,CAR,CB,410278.0,2024
Collin Johnson,CHI,WR,410277.0,2024
Cody White,SEA,WR,406664.0,2024
Marcus Maye,LAC,S,403332.0,2024
Emmanuel Forbes,LAR,CB,402873.0,2024
Tommy Togiai,HOU,DL,401667.0,2024
Art Green,NYG,CB,397503.0,2024
Jalen Redmond,MIN,DL,397503.0,2024
Tyrese Robinson,NE,,397503.0,2024
Cam Thomas,CLE,DE,390888.0,2024
Tashaun Gipson,SF,FS,383056.0,2024
Deven Thompkins,CAR,WR,383056.0,2024
Kristian Welch,BAL,LB,383056.0,2024
Angelo Blackson,ARI,DL,362100.0,2024
Titus Leo,NE,DE,355833.0,2024
Chigozie Anusiem,CLE,CB,353336.0,2024
Natrone Brooks,ATL,CB,353336.0,2024
Logan Bruss,TEN,,353336.0,2024
Cam Grandy,CIN,TE,353336.0,2024
Spencer Shrader,KC,K,353336.0,2024
Isaiah Williams,CIN,WR,353336.0,2024
Myles Bryant,HOU,CB,351667.0,2024
Terrace Marshall,LV,WR,351667.0,2024
Jonah Williams,DET,DE,351667.0,2024
C.J. Uzomah,PHI,TE,336110.0,2024
Lester Cotton,NE,,328333.0,2024
Zach Cunningham,DEN,LB,328333.0,2024
Tony Jefferson,LAC,SS,328333.0,2024
Nick McCloud,SF,CB,328333.0,2024
Myles Adams,DET,DL,328332.0,2024
Akayleb Evans,CAR,CB,328332.0,2024
Demone Harris,ATL,DL,328332.0,2024
Daryl Worley,BAL,CB,328332.0,2024
Josh Butler,DAL,S,309169.0,2024
Devin Cochran,CIN,,305000.0,2024
A.J. Finley,SEA,S,304998.0,2024
Tomon Fox,NYG,LB,304998.0,2024
James Houston,CLE,LB,304998.0,2024
Patrick O'Connell,SEA,LB,304998.0,2024
Chris Rodriguez Jr.,WAS,RB,304998.0,2024
Blake Whiteheart,CLE,TE,304998.0,2024
Carter Coughlin,NYG,LB,302400.0,2024
Jason Peters,SEA,,298200.0,2024
Jackson Carman,MIA,,293056.0,2024
Kene Nwangwu,NYJ,RB,293056.0,2024
Patrick Taylor,SF,RB,293055.0,2024
Elijah Garcia,NYG,DE,273611.0,2024
Zane Gonzalez,WAS,K,273611.0,2024
Dante Pettis,NO,WR,273611.0,2024
Mike Woods,CLE,WR,273611.0,2024
Jaelon Darden,SEA,WR,273610.0,2024
Kemon Hall,DAL,CB,273610.0,2024
Bailey Zappe,CLE,QB,273610.0,2024
LaDarius Henderson,HOU,,270929.0,2024
Princeton Fant,DAL,TE,265002.0,2024
Cory Durden,NYG,DL,254167.0,2024
Kaevon Merriweather,TB,S,254167.0,2024
Nikko Remigio,KC,WR,254167.0,2024
Israel Abanikanda,SF,RB,254165.0,2024
Mason Kinsey,TEN,WR,254165.0,2024
Greg Stroman,NYG,CB,250000.0,2024
Kazmeir Allen,WAS,WR,225000.0,2024
Baylor Cupp,KC,TE,225000.0,2024
Daniel Grzesiak,TB,OLB,225000.0,2024
Qadir Ismail,BAL,WR,225000.0,2024
Ellis Merriweather,GB,RB,225000.0,2024
Jimmy Morrissey,NYG,C,225000.0,2024
Mason Pline,SF,TE,225000.0,2024
Cody Thompson,TB,WR,225000.0,2024
Kevin Austin,NO,WR,220835.0,2024
Jowon Briggs,CLE,DL,220835.0,2024
Kendell Brooks,TEN,S,220835.0,2024
Shaka Heyward,CIN,LB,220835.0,2024
E.J. Jenkins,PHI,TE,220835.0,2024
Sincere McCormick,LV,RB,220835.0,2024
Andrew Stueber,CIN,,220835.0,2024
Dee Williams,NYG,WR,220835.0,2024
Tim Boyle,NYG,QB,218889.0,2024
Matt Dickerson,MIA,DL,218889.0,2024
Velus Jones,CAR,WR,218889.0,2024
Sam Roberts,CAR,DL,218889.0,2024
Kendall Sheffield,NYJ,CB,218888.0,2024
Tommy Sweeney,CHI,TE,218400.0,2024
Jonathan Ford,CHI,DL,203333.0,2024
Divaad Wilson,NYG,CB,203332.0,2024
Jake McQuaide,MIA,LS,201666.0,2024
Carter Bradley,LV,QB,176668.0,2024
Jaylin Simpson,NYJ,S,176668.0,2024
Carlos Washington Jr.,ATL,RB,176668.0,2024
Dan Chisena,CAR,WR,175833.0,2024
Darrynton Evans,CHI,RB,175833.0,2024
Riley Patterson,ATL,K,175833.0,2024
Anthony Pittman,DET,LB,175833.0,2024
Stephen Sullivan,CAR,WR,168000.0,2024
Andrew Booth Jr.,DAL,CB,164167.0,2024
Michael Palardy,ARI,P,164167.0,2024
Irv Smith,HOU,TE,164167.0,2024
Raheem Layne,NYG,S,164166.0,2024
Cade York,CIN,K,164166.0,2024
Andre Carter II,LV,DL,152500.0,2024
Jaren Hall,SEA,QB,152500.0,2024
Kyu Blu Kelly,LV,CB,152500.0,2024
Jalen Graham,SF,LB,152499.0,2024
Jammie Robinson,ARI,S,152499.0,2024
Zyon Gilbert,PIT,S,150000.0,2024
Shaquil Barrett,TB,OLB,134444.0,2024
Mark Glowinski,IND,,134444.0,2024
Mitchell Agude,DET,DE,132501.0,2024
Brenden Bates,CLE,TE,132501.0,2024
Chris Blair,ATL,WR,132501.0,2024
Chris Collier,LV,RB,132501.0,2024
Milo Eifler,ARI,LB,132501.0,2024
Terrell Jennings,NE,RB,132501.0,2024
Austen Pleasants,SF,,132501.0,2024
Justin Rogers,DAL,DL,132501.0,2024
Jacoby Windmon,CAR,LB,132501.0,2024
Mike Boone,CAR,RB,125000.0,2024
Diontae Johnson,HOU,WR,125000.0,2024
Raekwon McMillan,TEN,LB,125000.0,2024
Steven Sims Jr.,BAL,WR,121208.0,2024
Josh Woods,ATL,LB,117222.0,2024
Trajan Jeffcoat,NO,DE,112500.0,2024
Jackson Barton,ARI,,109444.0,2024
Ian Book,PHI,QB,109444.0,2024
Teddy Bridgewater,DET,QB,109444.0,2024
Adrian Colbert,CHI,S,109444.0,2024
Erik Ezukanma,MIA,WR,109444.0,2024
Joe Giles-Harris,JAX,LB,109444.0,2024
Arlington Hambright,TEN,,109444.0,2024
Darius Harris,DAL,LB,109444.0,2024
Charlie Heck,SF,,109444.0,2024
James Proche,CLE,WR,109444.0,2024
Chandler Wooten,CAR,LB,109444.0,2024
Michael Carter,ARI,RB,108611.0,2024
Isaiah Thomas,CIN,DE,101666.0,2024
Tre Flowers,IND,CB,100800.0,2024
Jack Browning,TB,P,88334.0,2024
Kyle Hergel,NO,,88334.0,2024
Jarius Monroe,NYJ,CB,88334.0,2024
Jack Plummer,CAR,QB,88334.0,2024
Isaiah Stalbird,NO,LB,88334.0,2024
Blake Watson,DEN,RB,88334.0,2024
Benton Whitley,ARI,DE,88334.0,2024
George Holani,SEA,RB,83334.0,2024
Phidarian Mathis,NYJ,DL,77078.0,2024
Artie Burns,SEA,CB,67222.0,2024
Will Grier,DAL,QB,62500.0,2024
Greg Joseph,NYJ,K,62500.0,2024
Mike White,BUF,QB,62500.0,2024
DeShawn Williams,CAR,DL,62500.0,2024
Andre Chachere,ARI,CB,58611.0,2024
Jamin Davis,NYJ,LB,58611.0,2024
John Kelly,CLE,RB,58611.0,2024
Nick Leverett,ARI,,58611.0,2024
Monty Rice,NE,LB,58611.0,2024
Austin Deculus,HOU,,57222.0,2024
D'Angelo Ross,HOU,CB,57222.0,2024
Tre Avery,SF,S,54722.0,2024
Earnest Brown,DAL,DL,54722.0,2024
Michael Dwumfour,CLE,DL,54722.0,2024
Bruce Hector,NYJ,DL,54722.0,2024
Ryan Neal,TB,SS,54722.0,2024
Alex Barrett,SF,DE,50833.0,2024
Braeden Daniels,MIA,,50833.0,2024
Vi Jones,ARI,LB,50833.0,2024
Brandon Pili,SEA,DL,50833.0,2024
Miles Battle,NE,CB,44167.0,2024
Kaden Davis,CLE,WR,44167.0,2024
Khalid Duke,TEN,LB,44167.0,2024
Chris Edmonds,CLE,S,44167.0,2024
Truman Jones,NE,LB,44167.0,2024
Tay Martin,TEN,WR,44167.0,2024
Dante Miller,NYG,RB,44167.0,2024
Kendall Milton,CIN,RB,44167.0,2024
John Rhys Plumlee,SEA,QB,44167.0,2024
Jack Westover,NE,TE,44167.0,2024
DaShaun White,SF,LB,44167.0,2024
Josh Ball,NO,,41667.0,2024
