rank,player_name,team,position,total_contract_value,total_contract_value_millions,year
1,Deshaun Watson,CLE,QB,"$80,716,514",80.716514,2026
2,Patrick Mahomes,KC,QB,"$78,213,888",78.213888,2026
3,Lamar Jackson,BAL,QB,"$74,500,000",74.5,2026
4,Dak Prescott,DAL,QB,"$74,068,430",74.06843,2026
5,Jared Goff,DET,QB,"$69,600,000",69.6,2026
6,Josh Allen,BUF,QB,"$56,388,000",56.388,2026
7,Tua Tagovailoa,MIA,QB,"$56,267,647",56.267647,2026
8,Kyler Murray,ARI,QB,"$52,660,677",52.660677,2026
9,Baker Mayfield,TB,QB,"$51,975,000",51.975,2026
10,Tyreek Hill,MIA,WR,"$51,134,044",51.134044,2026
11,Matthew Stafford,LAR,QB,"$48,266,668",48.266668,2026
12,Joe Burrow,CIN,QB,"$47,999,784",47.999784,2026
13,Justin Herbert,LAC,QB,"$46,345,675",46.345675,2026
14,Chris Jones,KC,DL/DT,"$44,850,000",44.85,2026
15,Nick Bosa,SF,ED/DE,"$42,029,106",42.029106,2026
16,T.J. Watt,PIT,ED/OLB,"$42,000,000",42.0,2026
17,Justin Jefferson,MIN,WR,"$38,987,600",38.9876,2026
18,Trent Williams,SF,LT/T,"$38,885,783",38.885783,2026
19,CeeDee Lamb,DAL,WR,"$38,423,529",38.423529,2026
20,Brian Burns,NYG,ED/OLB,"$36,550,000",36.55,2026
21,Sam Darnold,SEA,QB,"$36,400,000",36.4,2026
22,Tristan Wirfs,TB,LT,"$36,328,582",36.328582,2026
23,Jordan Love,GB,QB,"$36,122,437",36.122437,2026
24,Maxx Crosby,LV,ED/DE,"$35,883,250",35.88325,2026
25,Chris Godwin,TB,WR,"$33,683,000",33.683,2026
26,Amon-Ra St. Brown,DET,WR,"$33,110,000",33.11,2026
27,Denzel Ward,CLE,CB,"$32,893,412",32.893412,2026
28,Roquan Smith,BAL,LB/ILB,"$32,718,750",32.71875,2026
29,Jalen Hurts,PHI,QB,"$31,971,800",31.9718,2026
30,Danielle Hunter,HOU,ED/DE,"$31,300,000",31.3,2026
31,Bradley Chubb,MIA,ED/DE,"$31,202,739",31.202739,2026
32,D.K. Metcalf,PIT,WR,"$31,000,000",31.0,2026
33,Nnamdi Madubuike,BAL,DL/DE,"$30,975,000",30.975,2026
34,Leonard Williams,SEA,DL/DE,"$29,636,250",29.63625,2026
35,Michael Pittman Jr.,IND,WR,"$29,000,000",29.0,2026
36,Milton Williams,NE,DL/DE,"$29,000,000",29.0,2026
37,Alim McNeill,DET,DL/DT,"$28,966,000",28.966,2026
38,D.J. Moore,CHI,WR,"$28,500,000",28.5,2026
39,Rashan Gary,GB,ED/DE,"$28,021,138",28.021138,2026
40,Daron Payne,WAS,DL/DT,"$28,010,000",28.01,2026
41,Davante Adams,LAR,WR,"$28,000,000",28.0,2026
42,Stefon Diggs,NE,WR,"$28,000,000",28.0,2026
43,Penei Sewell,DET,RT,"$28,000,000",28.0,2026
44,Tytus Howard,HOU,RT/G,"$27,911,588",27.911588,2026
45,Nico Collins,HOU,WR,"$27,767,475",27.767475,2026
46,Tyler Smith,DAL,G,"$27,502,300",27.5023,2026
47,Antoine Winfield Jr.,TB,S,"$27,466,000",27.466,2026
48,Jawaan Taylor,KC,RT,"$27,391,667",27.391667,2026
49,Jake Matthews,ATL,LT,"$27,273,713",27.273713,2026
50,Derek Stingley Jr.,HOU,CB,"$27,095,000",27.095,2026
51,Dexter Lawrence,NYG,DL/DT,"$26,958,130",26.95813,2026
52,Calvin Ridley,TEN,WR,"$26,750,000",26.75,2026
53,DeForest Buckner,IND,DL/DT,"$26,600,000",26.6,2026
54,Tee Higgins,CIN,WR,"$26,514,706",26.514706,2026
55,Geno Smith,LV,QB,"$26,500,000",26.5,2026
56,Dan Moore,TEN,LT,"$26,375,000",26.375,2026
57,Marlon Humphrey,BAL,CB,"$26,276,000",26.276,2026
58,Chris Lindstrom,ATL,G,"$26,250,000",26.25,2026
59,Ja'Marr Chase,CIN,WR,"$26,171,667",26.171667,2026
60,Jeffery Simmons,TEN,DL/DT,"$25,683,843",25.683843,2026
61,Alaric Jackson,LAR,LT,"$25,375,000",25.375,2026
62,Montez Sweat,CHI,ED/DE,"$25,085,294",25.085294,2026
63,Jaylon Johnson,CHI,CB,"$25,000,000",25.0,2026
64,Mike Onwenu,NE,G,"$25,000,000",25.0,2026
65,Laremy Tunsil,WAS,LT,"$24,950,000",24.95,2026
66,Dion Dawkins,BUF,LT,"$24,837,833",24.837833,2026
67,Brock Purdy,SF,QB,"$24,796,000",24.796,2026
68,Aaron Banks,GB,G,"$24,791,176",24.791176,2026
69,Jessie Bates III,ATL,S,"$24,770,000",24.77,2026
70,Myles Garrett,CLE,ED/DE,"$24,674,000",24.674,2026
71,Derwin James,LAC,S,"$24,606,400",24.6064,2026
72,Kirk Cousins,ATL,QB,"$24,600,000",24.6,2026
73,Derrick Brown,CAR,DL/DE,"$24,500,000",24.5,2026
74,Trey Smith,KC,G,"$24,495,277",24.495277,2026
75,Elgton Jenkins,GB,C,"$24,329,412",24.329412,2026
76,Paulson Adebo,NYG,CB,"$24,317,037",24.317037,2026
77,Robert Hunt,CAR,G,"$24,300,000",24.3,2026
78,Andrew Thomas,NYG,LT,"$24,281,000",24.281,2026
79,Quenton Nelson,IND,G,"$24,200,000",24.2,2026
80,Jaycee Horn,CAR,CB,"$24,080,400",24.0804,2026
81,Lane Johnson,PHI,RT/T,"$24,039,000",24.039,2026
82,Trevor Lawrence,JAX,QB,"$24,000,000",24.0,2026
83,Ed Oliver,BUF,DL/DT,"$23,920,000",23.92,2026
84,Rashawn Slater,LAC,LT,"$23,800,000",23.8,2026
85,Mike McGlinchey,DEN,RT,"$23,775,000",23.775,2026
86,Joel Bitonio,CLE,G,"$23,504,000",23.504,2026
87,Joshua Hines-Allen,JAX,ED/DE,"$23,400,000",23.4,2026
88,A.J. Brown,PHI,WR,"$23,393,497",23.393497,2026
89,Brian O'Neill,MIN,RT,"$23,203,892",23.203892,2026
90,Christian Darrisaw,MIN,LT,"$23,141,929",23.141929,2026
91,Justin Fields,NYJ,QB,"$23,000,000",23.0,2026
92,Luke Goedeke,TB,RT,"$22,861,200",22.8612,2026
93,Kolton Miller,LV,LT,"$22,540,000",22.54,2026
94,A.J. Terrell,ATL,CB,"$22,500,000",22.5,2026
95,Jonathan Allen,MIN,DL/DT,"$22,366,667",22.366667,2026
96,Jonathan Greenard,MIN,ED/OLB,"$22,300,000",22.3,2026
97,Vita Vea,TB,DL/DT,"$22,194,460",22.19446,2026
98,Carlton Davis,NE,CB,"$22,000,000",22.0,2026
99,Orlando Brown Jr.,CIN,LT,"$21,998,000",21.998,2026
100,Quinn Meinerz,DEN,G,"$21,721,000",21.721,2026
101,Quinnen Williams,DAL,DL/DT,"$21,632,353",21.632353,2026
102,Kenny Clark,DAL,DL/DT,"$21,500,000",21.5,2026
103,Joe Thuney,CHI,G,"$21,500,000",21.5,2026
104,Javon Hargrave,MIN,DL/DT,"$21,497,500",21.4975,2026
105,T.J. Hockenson,MIN,TE,"$21,355,000",21.355,2026
106,Wyatt Teller,CLE,G,"$21,304,000",21.304,2026
107,Trevon Moehrig,CAR,S,"$21,300,000",21.3,2026
108,Taylor Moton,CAR,RT,"$21,132,500",21.1325,2026
109,Taylor Decker,DET,LT,"$21,048,000",21.048,2026
110,Uchenna Nwosu,SEA,ED/OLB,"$20,768,334",20.768334,2026
111,Osa Odighizuwa,DAL,DL/DT,"$20,750,000",20.75,2026
112,Chase Young,NO,ED/OLB,"$20,502,000",20.502,2026
113,Samuel Cosmi,WAS,G,"$20,500,000",20.5,2026
114,Dayo Odeyingbo,CHI,ED/DE,"$20,500,000",20.5,2026
115,Dallas Goedert,PHI,TE,"$20,493,640",20.49364,2026
116,Alex Highsmith,PIT,ED/OLB,"$20,102,000",20.102,2026
117,L'Jarius Sneed,TEN,CB,"$20,057,647",20.057647,2026
118,Charvarius Ward,IND,CB,"$19,886,667",19.886667,2026
119,Byron Murphy,MIN,CB,"$19,570,000",19.57,2026
120,Jonah Jackson,CHI,G,"$19,500,000",19.5,2026
121,Andrew Van Ginkel,MIN,ED/OLB,"$19,400,000",19.4,2026
122,Spencer Brown,BUF,RT,"$19,390,000",19.39,2026
123,Arik Armstead,JAX,DL/DT,"$19,385,294",19.385294,2026
124,Jordan Mailata,PHI,LT,"$19,361,233",19.361233,2026
125,Nick Bolton,KC,LB/ILB,"$19,250,000",19.25,2026
126,Micah Parsons,GB,ED/DE,"$19,237,000",19.237,2026
127,Budda Baker,ARI,S,"$19,216,250",19.21625,2026
128,Cameron Heyward,PIT,DL/DE,"$19,150,000",19.15,2026
129,Xavier McKinney,GB,S,"$19,088,235",19.088235,2026
130,Grady Jarrett,CHI,DL/DT,"$18,925,000",18.925,2026
131,Minkah Fitzpatrick,MIA,S,"$18,849,000",18.849,2026
132,Cameron Jordan,NO,DL/DE,"$18,760,000",18.76,2026
133,Jaylon Moore,KC,RT,"$18,685,000",18.685,2026
134,Tershawn Wharton,CAR,DL/DE,"$18,643,333",18.643333,2026
135,Alvin Kamara,NO,RB,"$18,633,471",18.633471,2026
136,Jevon Holland,NYG,S,"$18,596,666",18.596666,2026
137,Marshon Lattimore,WAS,CB,"$18,500,000",18.5,2026
138,Darnell Mooney,ATL,WR,"$18,420,000",18.42,2026
139,Terry McLaurin,WAS,WR,"$18,350,000",18.35,2026
140,Fred Warner,SF,LB/ILB,"$18,189,000",18.189,2026
141,Ben Powers,DEN,G,"$18,155,000",18.155,2026
142,Terence Steele,DAL,RT,"$18,125,000",18.125,2026
143,Creed Humphrey,KC,C,"$18,100,000",18.1,2026
144,Carl Granderson,NO,ED/OLB,"$18,062,000",18.062,2026
145,Dawson Knox,BUF,TE,"$17,868,000",17.868,2026
146,D.J. Reed,DET,CB,"$17,867,000",17.867,2026
147,Erik McCoy,NO,C,"$17,681,000",17.681,2026
148,Ikem Ekwonu,CAR,LT,"$17,560,000",17.56,2026
149,Bernhard Raimann,IND,LT,"$17,511,200",17.5112,2026
150,Cooper Kupp,SEA,WR,"$17,500,000",17.5,2026
151,Tremaine Edmunds,CHI,LB/ILB,"$17,437,500",17.4375,2026
152,Kevin Dotson,LAR,G,"$17,416,668",17.416668,2026
153,DaRon Bland,DAL,CB,"$17,400,000",17.4,2026
154,Jalen Ramsey,PIT,CB,"$17,229,000",17.229,2026
155,Will Fries,MIN,G,"$17,220,000",17.22,2026
156,Patrick Queen,PIT,LB/ILB,"$17,193,334",17.193334,2026
157,Christian Barmore,NE,DL/DT,"$17,100,000",17.1,2026
158,Foyesade Oluokun,JAX,LB,"$16,858,500",16.8585,2026
159,Patrick Surtain II,DEN,CB,"$16,832,000",16.832,2026
160,Drake London,ATL,WR,"$16,817,000",16.817,2026
161,Damien Lewis,CAR,G,"$16,720,000",16.72,2026
162,Harold Landry,NE,ED/OLB,"$16,500,000",16.5,2026
163,Zach Allen,DEN,DL/DE,"$16,477,000",16.477,2026
164,Josh Sweat,ARI,ED/DE,"$16,385,000",16.385,2026
165,Javon Kinlaw,WAS,DL/DT,"$16,200,000",16.2,2026
166,Dalvin Tomlinson,ARI,DL/DT,"$16,200,000",16.2,2026
167,George Kittle,SF,TE,"$16,105,666",16.105666,2026
168,Darius Slayton,NYG,WR,"$16,000,005",16.000005,2026
169,Dalton Schultz,HOU,TE,"$15,949,000",15.949,2026
170,Zyon McCollum,TB,CB,"$15,670,500",15.6705,2026
171,Jonathan Taylor,IND,RB,"$15,562,000",15.562,2026
172,Chris Olave,NO,WR,"$15,493,000",15.493,2026
173,Brandon Aiyuk,SF,WR,"$15,390,281",15.390281,2026
174,Austin Jackson,MIA,RT,"$15,389,116",15.389116,2026
175,Azeez Al-Shaair,HOU,LB,"$15,236,588",15.236588,2026
176,Travon Walker,JAX,ED/DE,"$15,196,000",15.196,2026
177,George Karlaftis,KC,ED/DE,"$15,150,000",15.15,2026
178,Camryn Bynum,IND,S,"$15,010,000",15.01,2026
179,Kaleb McGary,ATL,RT,"$14,990,000",14.99,2026
180,Aaron Jones,MIN,RB,"$14,800,000",14.8,2026
181,Kayvon Thibodeaux,NYG,ED/OLB,"$14,751,000",14.751,2026
182,Patrick Mekari,JAX,G,"$14,745,098",14.745098,2026
183,D.J. Jones,DEN,DL/DT,"$14,570,000",14.57,2026
184,Josh Jacobs,GB,RB,"$14,542,647",14.542647,2026
185,Walker Little,JAX,LT,"$14,499,953",14.499953,2026
186,Bobby Okereke,NYG,LB,"$14,463,333",14.463333,2026
187,Demario Davis,NO,LB/ILB,"$14,326,000",14.326,2026
188,Grover Stewart,IND,DL/DT,"$14,250,000",14.25,2026
189,Cesar Ruiz,NO,G,"$14,196,000",14.196,2026
190,Evan Engram,DEN,TE,"$14,166,667",14.166667,2026
191,Jonathon Cooper,DEN,ED/OLB,"$14,000,000",14.0,2026
192,Drew Dalman,CHI,C,"$14,000,000",14.0,2026
193,Brandon Stephens,NYJ,CB,"$14,000,000",14.0,2026
194,Courtland Sutton,DEN,WR,"$13,975,000",13.975,2026
195,Juwan Johnson,NO,TE,"$13,905,000",13.905,2026
196,Taysom Hill,NO,TE,"$13,723,000",13.723,2026
197,Trent McDuffie,KC,CB,"$13,632,000",13.632,2026
198,Talanoa Hufanga,DEN,S,"$13,500,000",13.5,2026
199,Jermaine Johnson,NYJ,ED/DE,"$13,411,000",13.411,2026
200,Kyler Gordon,CHI,CB/NB,"$13,300,000",13.3,2026
201,Julian Love,SEA,S,"$13,236,666",13.236666,2026
202,Kenny Moore,IND,CB,"$13,110,000",13.11,2026
203,Mike Evans,TB,WR,"$13,074,000",13.074,2026
204,Kristian Fulton,KC,CB,"$13,000,000",13.0,2026
205,Jordan Davis,PHI,DL/DT,"$12,938,000",12.938,2026
206,Devonte Wyatt,GB,DL/DT,"$12,938,000",12.938,2026
207,Nate Hobbs,GB,CB,"$12,838,235",12.838235,2026
208,Jourdan Lewis,JAX,CB,"$12,759,804",12.759804,2026
209,Daxton Hill,CIN,CB,"$12,682,000",12.682,2026
210,A'Shawn Robinson,CAR,DL/DE,"$12,555,000",12.555,2026
211,Lloyd Cushenberry,TEN,C,"$12,525,000",12.525,2026
212,Robert Spillane,NE,LB,"$12,500,000",12.5,2026
213,DaVon Hamilton,JAX,DL/DT,"$12,448,800",12.4488,2026
214,Dorance Armstrong,WAS,ED/DE,"$12,355,000",12.355,2026
215,Deebo Samuel,WAS,WR,"$12,344,420",12.34442,2026
216,Mekhi Becton,LAC,G,"$12,200,000",12.2,2026
217,Ryan Kelly,MIN,C,"$12,117,500",12.1175,2026
218,B.J. Hill,CIN,DL/DT,"$12,116,666",12.116666,2026
219,Zach Tom,GB,RT,"$12,090,000",12.09,2026
220,Bryce Young,CAR,QB,"$12,076,614",12.076614,2026
221,Quentin Lake,LAR,S,"$12,000,000",12.0,2026
222,Amani Hooker,TEN,S,"$11,987,500",11.9875,2026
223,Jalen Pitre,HOU,CB/NB,"$11,911,765",11.911765,2026
224,DeMarcus Lawrence,SEA,ED/OLB,"$11,833,333",11.833333,2026
225,Greg Rousseau,BUF,ED/DE,"$11,810,000",11.81,2026
226,Hunter Henry,NE,TE,"$11,750,000",11.75,2026
227,Josh Palmer,BUF,WR,"$11,750,000",11.75,2026
228,Jon Runyan,NYG,G,"$11,750,000",11.75,2026
229,Jaylen Waddle,MIA,WR,"$11,658,800",11.6588,2026
230,Kyren Williams,LAR,RB,"$11,645,000",11.645,2026
231,Cole Kmet,CHI,TE,"$11,600,000",11.6,2026
232,Justin Reid,NO,S,"$11,550,000",11.55,2026
233,C.J. Stroud,HOU,QB,"$11,543,396",11.543396,2026
234,Jamien Sherwood,NYJ,LB/ILB,"$11,500,000",11.5,2026
235,Poona Ford,LAR,DL/DT,"$11,433,333",11.433333,2026
236,Taron Johnson,BUF,CB,"$11,408,333",11.408333,2026
237,Christian Kirk,HOU,WR,"$11,396,000",11.396,2026
238,Frankie Luvu,WAS,LB,"$11,295,000",11.295,2026
239,Zach Sieler,MIA,DL/DT,"$11,275,000",11.275,2026
240,Will Anderson,HOU,ED/DE,"$11,204,081",11.204081,2026
241,Pat Freiermuth,PIT,TE,"$11,200,000",11.2,2026
242,Michael Danna,KC,ED/DE,"$11,106,667",11.106667,2026
243,Cameron Ward,TEN,QB,"$11,099,913",11.099913,2026
244,Matt Milano,BUF,LB,"$11,071,000",11.071,2026
245,Tyler Biadasz,WAS,C,"$11,000,000",11.0,2026
246,Charles Cross,SEA,LT,"$10,880,000",10.88,2026
247,Jonnu Smith,PIT,TE,"$10,872,500",10.8725,2026
248,Jordyn Brooks,MIA,LB,"$10,862,166",10.862166,2026
249,Christian McCaffrey,SF,RB,"$10,856,472",10.856472,2026
250,T.J. Edwards,CHI,LB/OLB,"$10,833,333",10.833333,2026
251,Ernest Jones,SEA,LB/ILB,"$10,833,333",10.833333,2026
252,Anthony Richardson,IND,QB,"$10,816,283",10.816283,2026
253,Caleb Williams,CHI,QB,"$10,768,925",10.768925,2026
254,DeVonta Smith,PHI,WR,"$10,726,510",10.72651,2026
255,Kyle Hamilton,BAL,S,"$10,682,604",10.682604,2026
256,Travis Hunter,JAX,WR/CB,"$10,602,074",10.602074,2026
257,Jake Ferguson,DAL,TE,"$10,400,000",10.4,2026
258,Morgan Moses,NE,RT/T,"$10,400,000",10.4,2026
259,Jerry Jeudy,CLE,WR,"$10,372,400",10.3724,2026
260,Dre Greenlaw,DEN,LB/ILB,"$10,356,667",10.356667,2026
261,Jayden Daniels,WAS,QB,"$10,294,541",10.294541,2026
262,Abdul Carter,NYG,ED/OLB,"$10,285,267",10.285267,2026
263,Landon Dickerson,PHI,G,"$10,275,000",10.275,2026
264,Michael Carter II,PHI,CB,"$10,250,000",10.25,2026
265,Aidan Hutchinson,DET,ED/DE,"$10,146,400",10.1464,2026
266,Devon Witherspoon,SEA,CB,"$10,137,639",10.137639,2026
267,Patrick Jones,CAR,ED/OLB,"$10,115,000",10.115,2026
268,Garrett Wilson,NYJ,WR,"$10,074,819",10.074819,2026
269,Jakobi Meyers,JAX,WR,"$10,000,000",10.0,2026
270,Joe Mixon,HOU,RB,"$10,000,000",10.0,2026
271,Drake Maye,NE,QB,"$9,992,663",9.992663,2026
272,Saquon Barkley,PHI,RB,"$9,981,000",9.981,2026
273,Josh Oliver,MIN,TE,"$9,964,000",9.964,2026
274,Will Campbell,NE,LT,"$9,923,205",9.923205,2026
275,Ezra Cleveland,JAX,G,"$9,920,588",9.920588,2026
276,Ronnie Stanley,BAL,LT/T,"$9,859,588",9.859588,2026
277,James Conner,ARI,RB,"$9,830,000",9.83,2026
278,Derrick Barnes,DET,LB/OLB,"$9,764,000",9.764,2026
279,Marvin Harrison Jr.,ARI,WR,"$9,647,657",9.647657,2026
280,Jeremy Chinn,LV,S,"$9,555,000",9.555,2026
281,David Njoku,CLE,TE,"$9,534,000",9.534,2026
282,Curtis Samuel,BUF,WR,"$9,505,000",9.505,2026
283,Ahmad Gardner,IND,CB,"$9,500,000",9.5,2026
284,Coleman Shelton,LAR,C,"$9,500,000",9.5,2026
285,Abraham Lucas,SEA,RT,"$9,418,500",9.4185,2026
286,Baron Browning,ARI,LB/OLB,"$9,415,000",9.415,2026
287,Mason Graham,CLE,DL/DT,"$9,289,589",9.289589,2026
288,Tony Pollard,TEN,RB,"$9,250,000",9.25,2026
289,Sean Bunting,ARI,CB,"$9,245,000",9.245,2026
290,Brandon Jones,DEN,S,"$9,243,334",9.243334,2026
291,Jacoby Brissett,ARI,QB,"$9,190,000",9.19,2026
292,Tedarrell Slaton,CIN,DL/DT,"$9,160,000",9.16,2026
293,Aaron Brewer,MIA,C,"$9,147,000",9.147,2026
294,Colby Parkinson,LAR,TE,"$9,083,334",9.083334,2026
295,Blake Cashman,MIN,LB,"$9,050,000",9.05,2026
296,Joe Alt,LAC,LT,"$9,043,894",9.043894,2026
297,Malik Hooker,DAL,S,"$8,926,471",8.926471,2026
298,Paris Johnson,ARI,LT,"$8,925,782",8.925782,2026
299,Divine Deablo,ATL,LB/ILB,"$8,920,000",8.92,2026
300,Deommodore Lenoir,SF,CB,"$8,870,000",8.87,2026
301,D'Andre Swift,CHI,RB,"$8,803,334",8.803334,2026
302,Ben Bredeson,TB,G,"$8,766,000",8.766,2026
303,Trey McBride,ARI,TE,"$8,701,000",8.701,2026
304,Darious Williams,LAR,CB,"$8,666,668",8.666668,2026
305,Christian Elliss,NE,LB,"$8,629,000",8.629,2026
306,Robert Hainsey,JAX,C,"$8,583,333",8.583333,2026
307,Donte Jackson,LAC,CB,"$8,500,000",8.5,2026
308,Garett Bolles,DEN,LT,"$8,452,000",8.452,2026
309,Graham Glasgow,DET,C,"$8,437,500",8.4375,2026
310,Nik Bonitto,DEN,ED/OLB,"$8,421,200",8.4212,2026
311,David Montgomery,DET,RB,"$8,370,833",8.370833,2026
312,Jameson Williams,DET,WR,"$8,270,600",8.2706,2026
313,Zaire Franklin,IND,LB/OLB,"$8,255,000",8.255,2026
314,Cody Barton,TEN,LB/ILB,"$8,230,000",8.23,2026
315,Ashton Jeanty,LV,RB,"$8,158,139",8.158139,2026
316,Jauan Jennings,SF,WR,"$8,110,000",8.11,2026
317,Bobby Brown,CAR,DL/DT,"$8,033,333",8.033333,2026
318,Grant Delpit,CLE,S,"$8,033,000",8.033,2026
319,Jarrett Stidham,DEN,QB,"$8,000,000",8.0,2026
320,Tommy Tremble,CAR,TE,"$8,000,000",8.0,2026
321,Davis Mills,HOU,QB,"$7,975,000",7.975,2026
322,Pete Werner,NO,LB/ILB,"$7,966,000",7.966,2026
323,Malik Nabers,NYG,WR,"$7,965,750",7.96575,2026
324,Tyree Wilson,LV,ED/DE,"$7,956,296",7.956296,2026
325,Elijah Molden,LAC,S,"$7,916,666",7.916666,2026
326,James Hudson,NYG,LT,"$7,805,000",7.805,2026
327,Bilal Nichols,ARI,ED/DE,"$7,805,000",7.805,2026
328,Michael Jackson,CAR,CB,"$7,800,000",7.8,2026
329,Zack Baun,PHI,LB/ILB,"$7,788,000",7.788,2026
330,Mike Gesicki,CIN,TE,"$7,666,666",7.666666,2026
331,Rhamondre Stevenson,NE,RB,"$7,600,000",7.6,2026
332,Eric Murray,JAX,S,"$7,593,137",7.593137,2026
333,Chuba Hubbard,CAR,RB,"$7,506,100",7.5061,2026
334,Harrison Phillips,NYJ,DL/DT,"$7,500,000",7.5,2026
335,Jarran Reed,SEA,DL/DT,"$7,500,000",7.5,2026
336,Drue Tranquill,KC,LB,"$7,500,000",7.5,2026
337,Christian Benford,BUF,CB,"$7,456,000",7.456,2026
338,Isaiah Rodgers,MIN,CB,"$7,412,500",7.4125,2026
339,Garrett Bradbury,NE,C,"$7,400,000",7.4,2026
340,Harrison Butker,KC,K,"$7,305,000",7.305,2026
341,Armand Membou,NYJ,RT,"$7,252,978",7.252978,2026
342,Nathan Landman,LAR,LB/ILB,"$7,225,000",7.225,2026
343,Joey Bosa,BUF,LB/OLB,"$7,200,000",7.2,2026
344,Nick Allegretti,WAS,G/C,"$7,178,000",7.178,2026
345,Keisean Nixon,GB,CB,"$7,166,668",7.166668,2026
346,Davon Godchaux,NO,DL/DT,"$7,139,000",7.139,2026
347,JC Latham,TEN,RT,"$7,103,233",7.103233,2026
348,Michael Hoecht,BUF,ED/DE,"$7,078,000",7.078,2026
349,Greg Newsome,JAX,CB,"$7,052,934",7.052934,2026
350,Jaylen Warren,PIT,RB,"$7,033,333",7.033333,2026
351,Chauncey Golston,NYG,ED/OLB,"$7,000,000",7.0,2026
352,Noah Gray,KC,TE,"$7,000,000",7.0,2026
353,Jonah Williams,ARI,RT,"$7,000,000",7.0,2026
354,Ka'imi Fairbairn,HOU,K,"$6,998,111",6.998111,2026
355,Bijan Robinson,ATL,RB,"$6,986,809",6.986809,2026
356,Mark Andrews,BAL,TE,"$6,979,624",6.979624,2026
357,Jason Myers,SEA,K,"$6,975,000",6.975,2026
358,Christian Watson,GB,WR,"$6,963,415",6.963415,2026
359,Hjalte Froholdt,ARI,C,"$6,958,334",6.958334,2026
360,Jalen Carter,PHI,DL/DT,"$6,938,300",6.9383,2026
361,Bradley Bozeman,LAC,C/G,"$6,935,000",6.935,2026
362,Nathan Shepherd,NO,DL/DE,"$6,823,200",6.8232,2026
363,Sam LaPorta,DET,TE,"$6,797,089",6.797089,2026
364,Khalil Shakir,BUF,WR,"$6,792,000",6.792,2026
365,Malik Harrison,PIT,LB/ILB,"$6,790,000",6.79,2026
366,Akeem Davis-Gaither,ARI,LB,"$6,695,000",6.695,2026
367,Darnell Wright,CHI,RT,"$6,671,721",6.671721,2026
368,Adam Butler,LV,DL/DT,"$6,573,333",6.573333,2026
369,Brian Branch,DET,S,"$6,534,496",6.534496,2026
370,Logan Wilson,DAL,LB/ILB,"$6,523,529",6.523529,2026
371,Trey Hendrickson,CIN,ED/DE,"$6,500,000",6.5,2026
372,Devin Singletary,NYG,RB,"$6,500,000",6.5,2026
373,Evan Brown,ARI,G,"$6,410,000",6.41,2026
374,Tet McMillan,CAR,WR,"$6,347,816",6.347816,2026
375,Marcus Jones,NE,CB,"$6,327,500",6.3275,2026
376,Kelvin Banks Jr.,NO,LT,"$6,302,556",6.302556,2026
377,Tuli Tuipulotu,LAC,ED/OLB,"$6,270,797",6.270797,2026
378,Peter Skoronski,TEN,G,"$6,259,693",6.259693,2026
379,Michael Penix Jr.,ATL,QB,"$6,240,719",6.240719,2026
380,Ryan Neuzil,ATL,C,"$6,225,000",6.225,2026
381,Rome Odunze,CHI,WR,"$6,197,591",6.197591,2026
382,Rashod Bateman,BAL,WR,"$6,180,686",6.180686,2026
383,Marvin Mims,DEN,WR,"$6,179,388",6.179388,2026
384,Byron Young,LAR,ED/OLB,"$6,086,043",6.086043,2026
385,Deshon Elliott,PIT,S,"$6,080,000",6.08,2026
386,Devon Achane,MIA,RB,"$6,064,627",6.064627,2026
387,Colston Loveland,CHI,TE,"$6,053,638",6.053638,2026
388,Zaven Collins,ARI,ED/DE,"$6,053,217",6.053217,2026
389,Josh Metellus,MIN,S,"$6,045,000",6.045,2026
390,Alex Cappa,LV,G,"$6,010,000",6.01,2026
391,J.J. McCarthy,MIN,QB,"$5,960,399",5.960399,2026
392,Puka Nacua,LAR,WR,"$5,887,244",5.887244,2026
393,James Cook,BUF,RB,"$5,880,000",5.88,2026
394,Broderick Washington,BAL,DL/DE,"$5,860,000",5.86,2026
395,Andy Dalton,CAR,QB,"$5,848,666",5.848666,2026
396,John Bates,WAS,TE,"$5,833,333",5.833333,2026
397,Colton McKivitz,SF,RT,"$5,823,555",5.823555,2026
398,Brandon Graham,PHI,DL/DE,"$5,800,000",5.8,2026
399,Jordan Mason,MIN,RB,"$5,800,000",5.8,2026
400,Rob Havenstein,LAR,RT,"$5,768,627",5.768627,2026
401,Graham Gano,NYG,K,"$5,750,000",5.75,2026
402,Roy Robertson-Harris,NYG,DL/DT,"$5,750,000",5.75,2026
403,Charlie Woerner,ATL,TE,"$5,750,000",5.75,2026
404,Cameron Dicker,LAC,K,"$5,725,000",5.725,2026
405,Jahmyr Gibbs,DET,RB,"$5,677,998",5.677998,2026
406,Mykel Williams,SF,ED/DE,"$5,668,944",5.668944,2026
407,Jack Conklin,CLE,RT,"$5,623,196",5.623196,2026
408,Olu Fashanu,NYJ,LT,"$5,593,830",5.59383,2026
409,Derrick Henry,BAL,RB,"$5,589,000",5.589,2026
410,Travis Jones,BAL,DL/DT,"$5,563,111",5.563111,2026
411,Lukas Van Ness,GB,ED/DE,"$5,532,575",5.532575,2026
412,Will Dissly,LAC,TE,"$5,500,000",5.5,2026
413,Kerby Joseph,DET,S,"$5,472,200",5.4722,2026
414,Terrel Bernard,BUF,LB,"$5,472,000",5.472,2026
415,Mike Hughes,ATL,CB,"$5,466,667",5.466667,2026
416,Jahlani Tavai,NE,LB/ILB,"$5,443,750",5.44375,2026
417,Jeremiah Owusu-Koramoah,CLE,LB/OLB,"$5,441,624",5.441624,2026
418,Cam Jurgens,PHI,C,"$5,421,200",5.4212,2026
419,Mario Edwards,HOU,DL/DT,"$5,411,765",5.411765,2026
420,Bryce Huff,SF,ED/DE,"$5,392,000",5.392,2026
421,Anthony Nelson,TB,ED/OLB,"$5,366,000",5.366,2026
422,Maliek Collins,CLE,DL/DT,"$5,327,824",5.327824,2026
423,Josh Myers,NYJ,C,"$5,300,000",5.3,2026
424,Broderick Jones,PIT,LT,"$5,290,207",5.290207,2026
425,Brandon McManus,GB,K,"$5,278,431",5.278431,2026
426,Jake Brendel,SF,C,"$5,265,000",5.265,2026
427,Logan Cooke,JAX,P,"$5,250,000",5.25,2026
428,Mack Hollins,NE,WR,"$5,250,000",5.25,2026
429,Cole Van Lanen,JAX,LT,"$5,200,000",5.2,2026
430,Will McDonald,NYJ,ED/DE,"$5,193,259",5.193259,2026
431,Tyler Booker,DAL,G,"$5,125,845",5.125845,2026
432,Bo Nix,DEN,QB,"$5,076,318",5.076318,2026
433,Alec Ingold,MIA,FB,"$5,055,000",5.055,2026
434,Denico Autry,HOU,ED/DE,"$5,000,000",5.0,2026
435,A.J. Cole,LV,P,"$5,000,000",5.0,2026
436,Will Harris,WAS,S,"$5,000,000",5.0,2026
437,Anfernee Jennings,NE,ED/OLB,"$5,000,000",5.0,2026
438,Jameis Winston,NYG,QB,"$5,000,000",5.0,2026
439,Xavier Woods,TEN,S/FS,"$5,000,000",5.0,2026
440,Kenneth Grant,MIA,DL/DT,"$4,990,071",4.990071,2026
441,Evan McPherson,CIN,K,"$4,983,333",4.983333,2026
442,Isaiah McDuffie,GB,LB/OLB,"$4,975,000",4.975,2026
443,Tyler Bass,BUF,K,"$4,970,000",4.97,2026
444,Joey Porter Jr.,PIT,CB,"$4,960,790",4.96079,2026
445,Yetur Gross-Matos,SF,ED/DE,"$4,959,000",4.959,2026
446,Brock Bowers,LV,TE,"$4,946,941",4.946941,2026
447,Tyson Campbell,CLE,CB,"$4,916,000",4.916,2026
448,Jake Elliott,PHI,K,"$4,893,000",4.893,2026
449,Quincy Williams,NYJ,LB,"$4,875,000",4.875,2026
450,Isaiah Pola-Mao,LV,S,"$4,860,000",4.86,2026
451,Matthew Bergeron,ATL,G,"$4,844,451",4.844451,2026
452,Christian Gonzalez,NE,CB,"$4,805,458",4.805458,2026
453,Connor McGovern,BUF,C,"$4,805,000",4.805,2026
454,Tyler Warren,IND,TE,"$4,763,784",4.763784,2026
455,Tyson Bagent,CHI,QB,"$4,750,000",4.75,2026
456,Joshua Dobbs,NE,QB,"$4,750,000",4.75,2026
457,Brock Wright,DET,TE,"$4,734,000",4.734,2026
458,Joe Tippmann,NYJ,C,"$4,731,927",4.731927,2026
459,Taliese Fuaga,NO,T,"$4,731,316",4.731316,2026
460,Mack Wilson,ARI,LB/ILB,"$4,726,667",4.726667,2026
461,Chris Boswell,PIT,K,"$4,720,000",4.72,2026
462,Jack Campbell,DET,LB/ILB,"$4,684,274",4.684274,2026
463,Jalon Walker,ATL,ED/OLB,"$4,673,266",4.673266,2026
464,Laiatu Latu,IND,ED/DE,"$4,645,062",4.645062,2026
465,Steve Avila,LAR,G,"$4,644,311",4.644311,2026
466,Kavontae Turpin,DAL,WR,"$4,641,176",4.641176,2026
467,Mason Rudolph,PIT,QB,"$4,622,500",4.6225,2026
468,Calijah Kancey,TB,DL/DT,"$4,611,560",4.61156,2026
469,Arden Key,TEN,DL/DE,"$4,600,000",4.6,2026
470,Jaxon Smith-Njigba,SEA,WR,"$4,587,325",4.587325,2026
471,Jason Sanders,MIA,K,"$4,581,500",4.5815,2026
472,Quentin Johnston,LAC,WR,"$4,514,611",4.514611,2026
473,Antonio Gibson,NE,RB,"$4,500,000",4.5,2026
474,Ted Karras,CIN,C,"$4,500,000",4.5,2026
475,Zay Flowers,BAL,WR,"$4,466,138",4.466138,2026
476,Austin Corbett,CAR,C,"$4,441,750",4.44175,2026
477,Walter Nolen,ARI,DL/DT,"$4,401,716",4.401716,2026
478,Byron Murphy,SEA,DL/DT,"$4,386,306",4.386306,2026
479,John Michael Schmitz,NYG,C,"$4,370,788",4.370788,2026
480,Jordan Addison,MIN,WR,"$4,369,190",4.36919,2026
481,Ethan Pocic,CLE,C,"$4,368,000",4.368,2026
482,Jartavius Martin,WAS,S,"$4,350,694",4.350694,2026
483,O'Cyrus Torrence,BUF,G,"$4,343,087",4.343087,2026
484,Cody Mauch,TB,G,"$4,322,992",4.322992,2026
485,Deonte Banks,NYG,CB,"$4,320,716",4.320716,2026
486,Shemar Stewart,CIN,ED/DE,"$4,311,199",4.311199,2026
487,Dallas Turner,MIN,ED/OLB,"$4,300,054",4.300054,2026
488,Harrison Smith,MIN,S,"$4,300,000",4.3,2026
489,Dalton Kincaid,BUF,TE,"$4,272,234",4.272234,2026
490,Josh Downs,IND,WR,"$4,215,720",4.21572,2026
491,Anton Harrison,JAX,RT,"$4,199,529",4.199529,2026
492,Grey Zabel,SEA,G,"$4,198,059",4.198059,2026
493,Kobie Turner,LAR,DL/DT,"$4,192,268",4.192268,2026
494,Amarius Mims,CIN,RT,"$4,192,243",4.192243,2026
495,Michael Wilson,ARI,WR,"$4,182,811",4.182811,2026
496,Blake Brandel,MIN,G,"$4,166,667",4.166667,2026
497,Anthony Bradford,SEA,G,"$4,162,996",4.162996,2026
498,Alex Wright,CLE,ED/DE,"$4,147,466",4.147466,2026
499,Tyrique Stevenson,CHI,CB,"$4,134,636",4.134636,2026
500,Emeka Egbuka,TB,WR,"$4,130,166",4.130166,2026
501,Jared Verse,LAR,ED/OLB,"$4,127,549",4.127549,2026
502,Jahdae Barron,DEN,CB,"$4,107,540",4.10754,2026
503,Troy Fautanu,PIT,RT,"$4,105,990",4.10599,2026
504,Bryan Anger,DAL,P,"$4,100,000",4.1,2026
505,Derrick Harmon,PIT,DL/DT,"$4,084,910",4.08491,2026
506,Chop Robinson,MIA,ED/DE,"$4,084,426",4.084426,2026
507,D.J. Turner,CIN,CB,"$4,082,008",4.082008,2026
508,Quinyon Mitchell,PHI,CB,"$4,041,299",4.041299,2026
509,Omarion Hampton,LAC,RB,"$4,039,651",4.039651,2026
510,Jalen Thompson,ARI,S,"$4,017,750",4.01775,2026
511,Tyler Steen,PHI,G,"$4,007,535",4.007535,2026
512,Myles Murphy,CIN,ED/DE,"$4,005,038",4.005038,2026
513,Andre Cisco,NYJ,S,"$4,000,000",4.0,2026
514,Brian Thomas Jr.,JAX,WR,"$3,998,176",3.998176,2026
515,Matthew Golden,GB,WR,"$3,994,395",3.994395,2026
516,Garrett Williams,ARI,CB,"$3,986,533",3.986533,2026
517,Cedric Tillman,CLE,WR,"$3,982,084",3.982084,2026
518,Mac Jones,SF,QB,"$3,980,000",3.98,2026
519,Jack Fox,DET,P,"$3,975,000",3.975,2026
520,Matt Peart,DEN,LT,"$3,975,000",3.975,2026
521,Tucker Kraft,GB,TE,"$3,968,897",3.968897,2026
522,Tyjae Spears,TEN,RB,"$3,960,294",3.960294,2026
523,YaYa Diaby,TB,ED/OLB,"$3,955,711",3.955711,2026
524,Riley Moss,DEN,CB,"$3,952,452",3.952452,2026
525,Daiyan Henley,LAC,LB,"$3,947,531",3.947531,2026
526,Ji'Ayir Brown,SF,S,"$3,943,056",3.943056,2026
527,Dorian Williams,BUF,LB,"$3,940,692",3.940692,2026
528,Darnell Washington,PIT,TE,"$3,935,438",3.935438,2026
529,Jordan Battle,CIN,S,"$3,930,185",3.930185,2026
530,Tre Tucker,LV,WR,"$3,926,379",3.926379,2026
531,Chuma Edoga,JAX,G,"$3,917,647",3.917647,2026
532,Justice Hill,BAL,RB,"$3,916,668",3.916668,2026
533,Brandin Echols,PIT,CB,"$3,915,000",3.915,2026
534,Terrion Arnold,DET,CB,"$3,911,921",3.911921,2026
535,Dawand Jones,CLE,LT,"$3,910,083",3.910083,2026
536,Donovan Jackson,MIN,G,"$3,903,876",3.903876,2026
537,Bryan Bresee,NO,DL/DT,"$3,902,042",3.902042,2026
538,Chamarri Conner,KC,CB,"$3,899,842",3.899842,2026
539,Tavius Robinson,BAL,ED/OLB,"$3,892,141",3.892141,2026
540,Nick Herbig,PIT,ED/OLB,"$3,880,230",3.88023,2026
541,Jordan Morgan,GB,LT,"$3,868,799",3.868799,2026
542,Jaxson Dart,NYG,QB,"$3,858,620",3.85862,2026
543,Aidan O'Connell,LV,QB,"$3,839,345",3.839345,2026
544,Graham Barton,TB,C,"$3,825,670",3.82567,2026
545,Nolan Smith,PHI,ED/OLB,"$3,815,766",3.815766,2026
546,James Pearce Jr.,ATL,ED/OLB,"$3,813,360",3.81336,2026
547,Chase McLaughlin,TB,K,"$3,800,000",3.8,2026
548,JK Scott,LAC,P,"$3,800,000",3.8,2026
549,Zach Wilson,MIA,QB,"$3,800,000",3.8,2026
550,Jordan Howden,NO,S,"$3,793,682",3.793682,2026
551,Dontayvion Wicks,GB,WR,"$3,787,637",3.787637,2026
552,Chase Brown,CIN,RB,"$3,783,539",3.783539,2026
553,Darius Robinson,ARI,ED/DE,"$3,782,544",3.782544,2026
554,Henry To'oTo'o,HOU,LB,"$3,773,244",3.773244,2026
555,Malaki Starks,BAL,S,"$3,768,104",3.768104,2026
556,Karl Brooks,GB,DL/DT,"$3,765,007",3.765007,2026
557,Xavier Worthy,KC,WR,"$3,760,981",3.760981,2026
558,Felix Anudike-Uzomah,KC,ED/DE,"$3,760,214",3.760214,2026
559,Parker Washington,JAX,WR,"$3,760,066",3.760066,2026
560,Cairo Santos,CHI,K,"$3,760,000",3.76,2026
561,Kayshon Boutte,NE,WR,"$3,758,818",3.758818,2026
562,Jarrett Patterson,HOU,C,"$3,754,493",3.754493,2026
563,Xavier Hutchinson,HOU,WR,"$3,752,926",3.752926,2026
564,Andrei Iosivas,CIN,WR,"$3,751,846",3.751846,2026
565,Tyliek Williams,DET,DL/DT,"$3,745,475",3.745475,2026
566,Dante Stills,ARI,ED/DE,"$3,745,334",3.745334,2026
567,Dee Winters,SF,LB,"$3,745,334",3.745334,2026
568,Demario Douglas,NE,WR,"$3,745,333",3.745333,2026
569,Taylor Rapp,BUF,S,"$3,741,667",3.741667,2026
570,Jaylon Jones,IND,CB,"$3,740,370",3.74037,2026
571,Bud Dupree,LAC,ED/OLB,"$3,740,000",3.74,2026
572,Ethan Evans,LAR,P,"$3,739,001",3.739001,2026
573,Andrew Vorhees,BAL,G,"$3,737,528",3.737528,2026
574,Carrington Valentine,GB,CB,"$3,737,176",3.737176,2026
575,Moro Ojomo,PHI,DL/DT,"$3,731,446",3.731446,2026
576,D.J. Reader,DET,DL/DT,"$3,729,000",3.729,2026
577,DaQuan Jones,BUF,DL/DT,"$3,724,000",3.724,2026
578,Tyrel Dodson,MIA,LB/ILB,"$3,717,500",3.7175,2026
579,Jake Andrews,HOU,C,"$3,712,000",3.712,2026
580,Mekhi Blackmon,IND,CB,"$3,712,000",3.712,2026
581,Michael Dickson,SEA,P,"$3,700,000",3.7,2026
582,Cornelius Lucas,CLE,LT/T,"$3,645,000",3.645,2026
583,James Daniels,MIA,G/C,"$3,619,882",3.619882,2026
584,Tyler Guyton,DAL,LT,"$3,587,947",3.587947,2026
585,Luke Wattenberg,DEN,C,"$3,572,000",3.572,2026
586,Ashton Dulin,IND,WR,"$3,570,000",3.57,2026
587,Josh Conerly Jr.,WAS,RT,"$3,563,885",3.563885,2026
588,Tremon Smith,HOU,CB,"$3,500,000",3.5,2026
589,Jeremy Reaves,WAS,S,"$3,497,500",3.4975,2026
590,Nate Wiggins,BAL,CB,"$3,496,315",3.496315,2026
591,Isaac Yiadom,NO,CB,"$3,475,000",3.475,2026
592,Maxwell Hairston,BUF,CB,"$3,467,723",3.467723,2026
593,Ricky Pearsall,SF,WR,"$3,419,563",3.419563,2026
594,Troy Dye,LAC,LB/ILB,"$3,400,000",3.4,2026
595,Cody Ford,CIN,LT,"$3,400,000",3.4,2026
596,Jihaad Campbell,PHI,LB,"$3,387,176",3.387176,2026
597,Xavier Legette,CAR,WR,"$3,370,139",3.370139,2026
598,Chris Board,NYG,LB/ILB,"$3,350,000",3.35,2026
599,Josh Simmons,KC,LT,"$3,335,308",3.335308,2026
600,Jamie Gillan,NYG,P,"$3,316,666",3.316666,2026
601,Luke Farrell,SF,TE,"$3,304,000",3.304,2026
602,Ty Johnson,BUF,RB,"$3,275,000",3.275,2026
603,Khadarel Hodge,ATL,WR,"$3,265,000",3.265,2026
604,Malcolm Roach,DEN,DL/DE,"$3,251,333",3.251333,2026
605,Kyle Hinton,ATL,G,"$3,250,000",3.25,2026
606,Johnny Mundt,JAX,TE,"$3,250,000",3.25,2026
607,Jeremy Ruckert,NYJ,TE,"$3,250,000",3.25,2026
608,Solomon Thomas,DAL,DL/DT,"$3,220,588",3.220588,2026
609,Nick Westbrook,MIA,WR,"$3,190,000",3.19,2026
610,Will Levis,TEN,QB,"$3,036,143",3.036143,2026
611,Brenden Schooler,NE,S,"$3,025,000",3.025,2026
612,Riley Dixon,TB,P,"$3,000,000",3.0,2026
613,Hunter Luepke,DAL,FB,"$3,000,000",3.0,2026
614,DeAndre Hopkins,BAL,WR,"$2,996,000",2.996,2026
615,Michael Mayer,LV,TE,"$2,963,433",2.963433,2026
616,Derick Hall,SEA,ED/OLB,"$2,900,411",2.900411,2026
617,Kyle Juszczyk,SF,FB,"$2,896,000",2.896,2026
618,A.J. Epenesa,BUF,ED/DE,"$2,861,000",2.861,2026
619,Emmanuel Forbes,LAR,CB,"$2,851,032",2.851032,2026
620,Drew Sample,CIN,TE,"$2,835,294",2.835294,2026
621,Markquese Bell,DAL,S,"$2,833,333",2.833333,2026
622,Percy Butler,WAS,S,"$2,825,000",2.825,2026
623,Demarcus Robinson,SF,WR,"$2,792,000",2.792,2026
624,Ben Skowronek,PIT,WR,"$2,765,000",2.765,2026
625,Hunter Long,JAX,TE,"$2,757,353",2.757353,2026
626,Drew Lock,SEA,QB,"$2,750,000",2.75,2026
627,Keon Coleman,BUF,WR,"$2,747,525",2.747525,2026
628,B.J. Ojulari,ARI,ED/DE,"$2,735,602",2.735602,2026
629,Ladd McConkey,LAC,WR,"$2,725,960",2.72596,2026
630,Ruke Orhorhoro,ATL,DL/DT,"$2,704,398",2.704398,2026
631,Luke Musgrave,GB,TE,"$2,696,824",2.696824,2026
632,Carson Schwesinger,CLE,LB,"$2,681,909",2.681909,2026
633,Oren Burks,CIN,LB/ILB,"$2,675,000",2.675,2026
634,Johnny Newton,WAS,DL/DT,"$2,661,270",2.66127,2026
635,Jayden Higgins,HOU,WR,"$2,659,278",2.659278,2026
636,Cooper Rush,BAL,QB,"$2,649,000",2.649,2026
637,Nick Emmanwori,SEA,S,"$2,636,650",2.63665,2026
638,T'Vondre Sweat,TEN,DL/DT,"$2,605,211",2.605211,2026
639,Josh Blackwell,CHI,CB,"$2,605,000",2.605,2026
640,Quinshon Judkins,CLE,RB,"$2,591,391",2.591391,2026
641,Jonah Savaiinaea,MIA,G,"$2,573,290",2.57329,2026
642,Larry Ogunjobi,BUF,ED/DE,"$2,570,052",2.570052,2026
643,Braden Fiske,LAR,DL/DT,"$2,566,397",2.566397,2026
644,Mazi Smith,NYJ,DL/DT,"$2,560,186",2.560186,2026
645,Justin Watson,HOU,WR,"$2,544,118",2.544118,2026
646,TreVeyon Henderson,NE,RB,"$2,532,553",2.532553,2026
647,Cooper DeJean,PHI,CB,"$2,531,897",2.531897,2026
648,Theo Jackson,MIN,S,"$2,500,000",2.5,2026
649,Nick Mullens,JAX,QB,"$2,500,000",2.5,2026
650,Rigoberto Sanchez,IND,P,"$2,500,000",2.5,2026
651,Wil Lutz,DEN,K,"$2,498,666",2.498666,2026
652,Kool-Aid McKinstry,NO,CB,"$2,497,393",2.497393,2026
653,Luther Burden III,CHI,WR,"$2,491,825",2.491825,2026
654,Kamari Lassiter,HOU,CB,"$2,458,582",2.458582,2026
655,Tyler Shough,NO,QB,"$2,455,618",2.455618,2026
656,Amen Ogbongbemiga,CHI,LB/OLB,"$2,445,000",2.445,2026
657,David Onyemata,ATL,DL/DE,"$2,425,000",2.425,2026
658,Max Melton,ARI,CB,"$2,424,084",2.424084,2026
659,Eric Saubert,SEA,TE,"$2,420,000",2.42,2026
660,T.J. Sanders,BUF,DL/DT,"$2,419,411",2.419411,2026
661,Calvin Anderson,PIT,LT,"$2,415,000",2.415,2026
662,Tyrod Taylor,NYJ,QB,"$2,400,000",2.4,2026
663,Jackson Powers-Johnson,LV,G,"$2,391,208",2.391208,2026
664,Mason Taylor,NYJ,TE,"$2,378,679",2.378679,2026
665,Daniel Whelan,GB,P,"$2,350,000",2.35,2026
666,Edgerrin Cooper,GB,LB,"$2,345,160",2.34516,2026
667,Alfred Collins,SF,DL/DT,"$2,342,474",2.342474,2026
668,Keeanu Benton,PIT,DL/DT,"$2,333,266",2.333266,2026
669,Donovan Ezeiruaku,DAL,ED/DE,"$2,307,974",2.307974,2026
670,Jonathon Brooks,CAR,RB,"$2,295,568",2.295568,2026
671,Jayden Reed,GB,WR,"$2,284,793",2.284793,2026
672,Jake Hansen,HOU,LB/OLB,"$2,273,529",2.273529,2026
673,JT Tuimoloau,IND,ED/DE,"$2,259,652",2.259652,2026
674,Tyler Nubin,NYG,S,"$2,230,014",2.230014,2026
675,Nick Bellore,WAS,FB,"$2,222,500",2.2225,2026
676,Terrence Ferguson,LAR,TE,"$2,207,604",2.207604,2026
677,Zach Charbonnet,SEA,RB,"$2,187,843",2.187843,2026
678,Maason Smith,JAX,DL/DT,"$2,186,891",2.186891,2026
679,Michael Ford,ATL,CB,"$2,155,000",2.155,2026
680,Kris Jenkins,CIN,DL/DT,"$2,143,763",2.143763,2026
681,Gervon Dexter,CHI,DL/DT,"$2,139,368",2.139368,2026
682,Will Johnson,ARI,CB,"$2,138,811",2.138811,2026
683,Tommy Togiai,HOU,DL/DT,"$2,131,764",2.131764,2026
684,Tyler Higbee,LAR,TE,"$2,101,286",2.101286,2026
685,Mike Sainristil,WAS,CB,"$2,100,637",2.100637,2026
686,John Simpson,NYJ,G,"$2,100,000",2.1,2026
687,Aireontae Ersery,HOU,LT,"$2,093,554",2.093554,2026
688,Rashee Rice,KC,WR,"$2,066,658",2.066658,2026
689,Zach Frazier,PIT,C,"$2,057,513",2.057513,2026
690,Demetrius Knight Jr.,CIN,LB,"$2,048,294",2.048294,2026
691,Shelby Harris,CLE,DL/DT,"$2,043,000",2.043,2026
692,Elijah Arroyo,SEA,TE,"$2,003,038",2.003038,2026
693,Samaje Perine,CIN,RB,"$2,000,000",2.0,2026
694,Sheldon Rankins,HOU,DL/DT,"$2,000,000",2.0,2026
695,Luke Schoonmaker,DAL,TE,"$1,993,946",1.993946,2026
696,Ben Sinnott,WAS,TE,"$1,971,259",1.971259,2026
697,Ben Brown,NE,C,"$1,966,666",1.966666,2026
698,Nic Scourton,CAR,ED/OLB,"$1,957,781",1.957781,2026
699,Jonathan Mingo,DAL,WR,"$1,957,719",1.957719,2026
700,Brenton Strange,JAX,TE,"$1,945,470",1.94547,2026
701,Juice Scruggs,HOU,G,"$1,940,624",1.940624,2026
702,Michael Hall,CLE,DL/DT,"$1,928,135",1.928135,2026
703,Oluwafemi Oladejo,TEN,ED/OLB,"$1,912,523",1.912523,2026
704,Patrick Paul,MIA,LT,"$1,885,008",1.885008,2026
705,Julius Brents,MIA,CB,"$1,867,764",1.867764,2026
706,Benjamin Morrison,TB,CB,"$1,867,265",1.867265,2026
707,Marshawn Kneeland,DAL,ED/DE,"$1,863,449",1.863449,2026
708,Chris Braswell,TB,ED/OLB,"$1,850,508",1.850508,2026
709,Sydney Brown,PHI,S,"$1,829,261",1.829261,2026
710,Javon Bullard,GB,S,"$1,828,945",1.828945,2026
711,Azeez Ojulari,PHI,ED/OLB,"$1,828,000",1.828,2026
712,John Jenkins,BAL,DL/DT,"$1,827,500",1.8275,2026
713,Drew Sanders,DEN,LB,"$1,824,686",1.824686,2026
714,Anthony Belton,GB,RT,"$1,822,005",1.822005,2026
715,Keion White,SF,LB/OLB,"$1,812,295",1.812295,2026
716,Tank Dell,HOU,WR,"$1,810,170",1.81017,2026
717,Kendre Miller,NO,RB,"$1,799,102",1.799102,2026
718,Blake Fisher,HOU,RT,"$1,798,753",1.798753,2026
719,Jalin Hyatt,NYG,WR,"$1,789,872",1.789872,2026
720,Cole Bishop,BUF,S,"$1,785,817",1.785817,2026
721,Joey Blount,ARI,S,"$1,780,000",1.78,2026
722,Tre Harris,LAC,WR,"$1,776,749",1.776749,2026
723,Zach Harrison,ATL,DL/DE,"$1,771,779",1.771779,2026
724,Marte Mapu,NE,LB/ILB,"$1,770,270",1.77027,2026
725,Ennis Rakestraw,DET,CB,"$1,768,567",1.768567,2026
726,Roger Rosengarten,BAL,RT,"$1,755,631",1.755631,2026
727,Ozzy Trapilo,CHI,RT,"$1,754,119",1.754119,2026
728,Kingsley Suamataia,KC,G,"$1,751,320",1.75132,2026
729,Siran Neal,SF,S,"$1,750,000",1.75,2026
730,Renardo Green,SF,CB,"$1,742,693",1.742693,2026
731,Tate Ratledge,DET,G,"$1,740,540",1.74054,2026
732,Trenton Simpson,BAL,LB/ILB,"$1,719,614",1.719614,2026
733,Jack Bech,LV,WR,"$1,717,913",1.717913,2026
734,DeMarvion Overshown,DAL,LB,"$1,715,009",1.715009,2026
735,Wanya Morris,KC,T,"$1,708,113",1.708113,2026
736,Khalil Dorsey,DET,CB,"$1,693,823",1.693823,2026
737,Mike Green,BAL,ED/OLB,"$1,686,229",1.686229,2026
738,Ja'Lynn Polk,NO,WR,"$1,676,340",1.67634,2026
739,RJ Harvey,DEN,RB,"$1,672,654",1.672654,2026
740,Trey Amos,WAS,CB,"$1,654,550",1.65455,2026
741,Trey Benson,ARI,RB,"$1,652,620",1.65262,2026
742,Brandon Coleman,WAS,G,"$1,652,243",1.652243,2026
743,Donovan Wilson,DAL,S,"$1,650,000",1.65,2026
744,Caedan Wallace,NE,G,"$1,648,174",1.648174,2026
745,Junior Colson,LAC,LB,"$1,643,729",1.643729,2026
746,Shemar Turner,CHI,DL/DT,"$1,640,974",1.640974,2026
747,Omarr Norman-Lott,KC,DL/DT,"$1,636,449",1.636449,2026
748,Andru Phillips,NYG,CB,"$1,635,257",1.635257,2026
749,Isaiah Adams,ARI,G,"$1,629,485",1.629485,2026
750,Andrew Mukuba,PHI,S,"$1,627,396",1.627396,2026
751,Trevin Wallace,CAR,LB/ILB,"$1,625,410",1.62541,2026
752,Cooper Beebe,DAL,C,"$1,619,923",1.619923,2026
753,Bralen Trice,ATL,ED/OLB,"$1,617,202",1.617202,2026
754,Kiran Amegadjie,CHI,G,"$1,612,997",1.612997,2026
755,Luke Rhodes,IND,LS,"$1,605,000",1.605,2026
756,Reid Ferguson,BUF,LS,"$1,602,500",1.6025,2026
757,Jonah Elliss,DEN,ED/OLB,"$1,601,104",1.601104,2026
758,Zach Wood,NO,LS,"$1,600,000",1.6,2026
759,Delmar Glaze,LV,RT,"$1,599,761",1.599761,2026
760,Calen Bullock,HOU,S,"$1,597,363",1.597363,2026
761,Matt Goncalves,IND,G,"$1,592,465",1.592465,2026
762,Christian Haynes,SEA,G,"$1,582,572",1.582572,2026
763,Tip Reiman,ARI,TE,"$1,579,067",1.579067,2026
764,Blake Corum,LAR,RB,"$1,571,935",1.571935,2026
765,Roman Wilson,PIT,WR,"$1,566,864",1.566864,2026
766,Zak Zinter,CLE,G,"$1,564,020",1.56402,2026
767,Dominick Puni,SF,G,"$1,554,695",1.554695,2026
768,Marist Liufau,DAL,LB,"$1,552,231",1.552231,2026
769,Marshawn Lloyd,GB,RB,"$1,551,414",1.551414,2026
770,Tykee Smith,TB,S,"$1,551,005",1.551005,2026
771,Elijah Jones,ARI,CB,"$1,550,596",1.550596,2026
772,Brevin Jordan,HOU,TE,"$1,550,000",1.55,2026
773,Ty'Ron Hopper,GB,LB,"$1,548,552",1.548552,2026
774,Jalen McMillan,TB,WR,"$1,544,461",1.544461,2026
775,Adisa Isaac,BAL,ED/OLB,"$1,540,373",1.540373,2026
776,Darius Alexander,NYG,DL/DT,"$1,536,834",1.536834,2026
777,Jalyx Hunt,PHI,ED/OLB,"$1,536,282",1.536282,2026
778,Ashton Gillotte,KC,ED/DE,"$1,532,869",1.532869,2026
779,Harold Fannin Jr.,CLE,TE,"$1,532,474",1.532474,2026
780,DeWayne Carter,BUF,DL/DT,"$1,532,195",1.532195,2026
781,Darien Porter,LV,CB,"$1,528,203",1.528203,2026
782,McKinnley Jackson,CIN,DL/DT,"$1,526,267",1.526267,2026
783,Jarrian Jones,JAX,CB,"$1,526,267",1.526267,2026
784,Kamren Kinchens,LAR,S,"$1,526,267",1.526267,2026
785,Luke McCaffrey,WAS,WR,"$1,526,267",1.526267,2026
786,Payton Wilson,PIT,LB,"$1,526,267",1.526267,2026
787,Kyle Williams,NE,WR,"$1,523,539",1.523539,2026
788,Byron Young,PHI,DL/DT,"$1,523,006",1.523006,2026
789,Isaac TeSlaa,DET,WR,"$1,514,648",1.514648,2026
790,Vernon Broughton,NO,DL/DT,"$1,508,590",1.50859,2026
791,Tyler Ott,WAS,LS,"$1,508,334",1.508334,2026
792,Landon Jackson,BUF,ED/DE,"$1,504,314",1.504314,2026
793,Matthew Orzech,GB,LS,"$1,502,500",1.5025,2026
794,Azareye'h Thomas,NYJ,CB,"$1,498,556",1.498556,2026
795,Pat Bryant,DEN,WR,"$1,495,700",1.4957,2026
796,Nick Martin,SF,LB,"$1,491,288",1.491288,2026
797,Tank Bigsby,PHI,RB,"$1,485,399",1.485399,2026
798,Braden Mann,PHI,P,"$1,484,000",1.484,2026
799,Trent Sieg,DAL,LS,"$1,483,333",1.483333,2026
800,Shavon Revel Jr.,DAL,CB,"$1,478,805",1.478805,2026
801,Princely Umanmielen,CAR,ED/OLB,"$1,477,396",1.477396,2026
802,Thomas Hennessy,NYJ,LS,"$1,475,000",1.475,2026
803,Jordan Burch,ARI,ED/DE,"$1,474,966",1.474966,2026
804,Jaylin Noel,HOU,WR,"$1,469,740",1.46974,2026
805,Adonai Mitchell,NYJ,WR,"$1,466,462",1.466462,2026
806,Justin Walley,IND,CB,"$1,464,549",1.464549,2026
807,Dylan Fairchild,CIN,G,"$1,459,359",1.459359,2026
808,Kevin Winston Jr.,TEN,S,"$1,455,680",1.45568,2026
809,Nick Moore,BAL,LS,"$1,455,000",1.455,2026
810,Kaleb Johnson,PIT,RB,"$1,448,196",1.448196,2026
811,Jacob Parrish,TB,CB,"$1,442,873",1.442873,2026
812,Devin Bush,CLE,LB/OLB,"$1,440,000",1.44,2026
813,Liam McCullough,ATL,LS,"$1,440,000",1.44,2026
814,Nohl Williams,KC,CB,"$1,439,890",1.43989,2026
815,Jamarree Caldwell,LAC,DL/DT,"$1,434,833",1.434833,2026
816,Savion Williams,GB,WR,"$1,430,103",1.430103,2026
817,Caleb Ransaw,JAX,CB,"$1,427,518",1.427518,2026
818,Wyatt Milum,JAX,G,"$1,426,660",1.42666,2026
819,Josaiah Stewart,LAR,ED/OLB,"$1,426,230",1.42623,2026
820,Emery Jones Jr.,BAL,G,"$1,425,800",1.4258,2026
821,Jalen Milroe,SEA,QB,"$1,423,656",1.423656,2026
822,Jonas Sanker,NO,S,"$1,419,364",1.419364,2026
823,Dillon Gabriel,CLE,QB,"$1,415,073",1.415073,2026
824,Mitchell Fraboni,DEN,LS,"$1,415,000",1.415,2026
825,Jared Wilson,NE,G,"$1,410,780",1.41078,2026
826,Xavier Watts,ATL,S,"$1,406,490",1.40649,2026
827,Tai Felton,MIN,WR,"$1,400,269",1.400269,2026
828,Charles Grant,LV,LT,"$1,400,269",1.400269,2026
829,Sai'vion Jones,DEN,DL/DE,"$1,400,269",1.400269,2026
830,Caleb Rogers,LV,G,"$1,400,269",1.400269,2026
831,Jaylin Smith,HOU,CB,"$1,400,269",1.400269,2026
832,Upton Stout,SF,CB,"$1,400,269",1.400269,2026
833,Foster Moreau,NO,TE,"$1,400,000",1.4,2026
834,Jordan Elliott,SF,DL/DT,"$1,395,000",1.395,2026
835,Chimere Dike,TEN,WR,"$1,380,238",1.380238,2026
836,Spencer Shrader,IND,K,"$1,375,000",1.375,2026
837,Nick Saldiveri,NO,T,"$1,355,571",1.355571,2026
838,Kelee Ringo,PHI,CB,"$1,350,231",1.350231,2026
839,Blake Freeland,IND,RT,"$1,348,970",1.34897,2026
840,Dylan Horton,HOU,ED/DE,"$1,345,259",1.345259,2026
841,Adetomiwa Adebawore,IND,DL/DT,"$1,344,227",1.344227,2026
842,Clark Phillips III,ATL,CB,"$1,338,382",1.338382,2026
843,Chandler Zavala,CAR,G,"$1,337,934",1.337934,2026
844,Roschon Johnson,CHI,RB,"$1,337,172",1.337172,2026
845,Colby Wooden,GB,DL/DT,"$1,336,982",1.336982,2026
846,Storm Norton,ATL,LT,"$1,330,000",1.33,2026
847,Ventrell Miller,JAX,LB,"$1,329,234",1.329234,2026
848,Jon Gaines II,ARI,G,"$1,328,060",1.32806,2026
849,Jahan Dotson,PHI,WR,"$1,325,636",1.325636,2026
850,Ross Matiscik,JAX,LS,"$1,325,000",1.325,2026
851,Christian Kuntz,PIT,LS,"$1,323,334",1.323334,2026
852,Derius Davis,LAC,WR,"$1,322,983",1.322983,2026
853,Isaiah McGuire,CLE,ED/DE,"$1,322,983",1.322983,2026
854,Stetson Bennett,LAR,QB,"$1,319,785",1.319785,2026
855,Charlie Jones,CIN,WR,"$1,314,694",1.314694,2026
856,Bhayshul Tuten,JAX,RB,"$1,314,132",1.314132,2026
857,Jay Ward,MIN,S,"$1,308,386",1.308386,2026
858,Ja'Tavion Sanders,CAR,TE,"$1,293,559",1.293559,2026
859,Troy Franklin,DEN,WR,"$1,288,709",1.288709,2026
860,Dadrion Taylor-Demerson,ARI,S,"$1,286,711",1.286711,2026
861,Justin Eboigbe,LAC,DL/DT,"$1,284,753",1.284753,2026
862,Cedric Gray,TEN,LB,"$1,283,623",1.283623,2026
863,Theo Johnson,NYG,TE,"$1,282,859",1.282859,2026
864,Brandon Dorlus,ATL,DL/DE,"$1,280,599",1.280599,2026
865,Evan Williams,GB,S,"$1,275,720",1.27572,2026
866,Decamerion Richardson,LV,CB,"$1,275,254",1.275254,2026
867,Devontez Walker,BAL,WR,"$1,274,463",1.274463,2026
868,Erick All,CIN,TE,"$1,273,276",1.273276,2026
869,Cam Skattebo,NYG,RB,"$1,273,260",1.27326,2026
870,Craig Woodson,NE,S,"$1,271,611",1.271611,2026
871,Tanor Bortolini,IND,C,"$1,269,968",1.269968,2026
872,Jack Kiser,JAX,LB,"$1,269,148",1.269148,2026
873,Tyrice Knight,SEA,LB,"$1,268,140",1.26814,2026
874,Dont'e Thornton Jr.,LV,WR,"$1,267,725",1.267725,2026
875,Deone Walker,BUF,DL/DT,"$1,266,760",1.26676,2026
876,Mason McCormick,PIT,G,"$1,266,224",1.266224,2026
877,Arian Smith,NYJ,WR,"$1,265,413",1.265413,2026
878,Jaylen Wright,MIA,RB,"$1,265,005",1.265005,2026
879,Ty Robinson,PHI,DL/DT,"$1,263,917",1.263917,2026
880,A.J. Barner,SEA,TE,"$1,263,777",1.263777,2026
881,Danny Stutsman,NO,LB,"$1,262,091",1.262091,2026
882,Tory Taylor,CHI,P,"$1,261,975",1.261975,2026
883,Malik Mustapha,SF,S,"$1,259,734",1.259734,2026
884,Cade Stover,HOU,TE,"$1,259,734",1.259734,2026
885,Bucky Irving,TB,RB,"$1,257,888",1.257888,2026
886,CJ West,SF,DL/DT,"$1,257,772",1.257772,2026
887,Trevor Etienne,CAR,RB,"$1,257,186",1.257186,2026
888,Giovanni Manu,DET,LT,"$1,256,414",1.256414,2026
889,Cody Simon,ARI,LB/ILB,"$1,256,190",1.25619,2026
890,Woody Marks,HOU,RB,"$1,255,942",1.255942,2026
891,Jarquez Hunter,LAR,RB,"$1,254,695",1.254695,2026
892,Will Shipley,PHI,RB,"$1,254,241",1.254241,2026
893,Ray Davis,BUF,RB,"$1,253,297",1.253297,2026
894,Billy Bowman Jr.,ATL,S,"$1,251,538",1.251538,2026
895,Isaac Guerendo,SF,RB,"$1,251,132",1.251132,2026
896,Barrett Carter,CIN,LB,"$1,250,529",1.250529,2026
897,T.J. Tampa,BAL,CB,"$1,249,614",1.249614,2026
898,Gunnar Helm,TEN,TE,"$1,248,227",1.248227,2026
899,Jared Wiley,KC,TE,"$1,247,155",1.247155,2026
900,Lathan Ransom,CAR,S,"$1,244,279",1.244279,2026
901,Jack Sawyer,PIT,ED/OLB,"$1,242,733",1.242733,2026
902,Barryn Sorrell,GB,ED/DE,"$1,240,463",1.240463,2026
903,Chad Muma,NE,LB/ILB,"$1,240,000",1.24,2026
904,Kyle Kennard,LAC,ED/OLB,"$1,237,641",1.237641,2026
905,Dylan Sampson,CLE,RB,"$1,237,641",1.237641,2026
906,Yasir Abdullah,JAX,LB/OLB,"$1,236,304",1.236304,2026
907,Jalen Travis,IND,RT,"$1,235,317",1.235317,2026
908,Joe Giles-Harris,CIN,LB/ILB,"$1,235,000",1.235,2026
909,Jaylin Lane,WAS,WR,"$1,233,463",1.233463,2026
910,Teddye Buchanan,BAL,LB/ILB,"$1,230,724",1.230724,2026
911,Malachi Moore,NYJ,S,"$1,229,535",1.229535,2026
912,Quincy Riley,NO,CB,"$1,226,809",1.226809,2026
913,Noah Sewell,CHI,LB/OLB,"$1,226,237",1.226237,2026
914,Mike Morris,SEA,DL/DE,"$1,225,519",1.225519,2026
915,Colby Sorsdal,DET,T,"$1,225,021",1.225021,2026
916,Ruben Hyppolite II,CHI,LB,"$1,224,897",1.224897,2026
917,SirVocea Dennis,TB,LB,"$1,224,331",1.224331,2026
918,Olu Oluwatimi,SEA,C,"$1,224,114",1.224114,2026
919,Darrell Luter Jr.,SF,CB,"$1,223,378",1.223378,2026
920,Daniel Scott,IND,S,"$1,221,959",1.221959,2026
921,Jalen Royals,KC,WR,"$1,221,800",1.2218,2026
922,Antonio Johnson,JAX,S,"$1,220,458",1.220458,2026
923,Que Robinson,DEN,ED/OLB,"$1,218,564",1.218564,2026
924,Will Mallory,IND,TE,"$1,217,648",1.217648,2026
925,Cal Adomitis,PIT,LS,"$1,215,000",1.215,2026
926,Tre Brown,NYJ,CB,"$1,215,000",1.215,2026
927,Zach Carter,ARI,DL/DT,"$1,215,000",1.215,2026
928,Kendrick Green,CLE,G,"$1,215,000",1.215,2026
929,C.J. Henderson,ATL,CB,"$1,215,000",1.215,2026
930,Deven Thompkins,ATL,WR,"$1,215,000",1.215,2026
931,Terell Smith,CHI,CB,"$1,213,971",1.213971,2026
932,Braelon Allen,NYJ,RB,"$1,207,177",1.207177,2026
933,Jacob Cowing,SF,WR,"$1,207,177",1.207177,2026
934,Jaden Hicks,KC,S,"$1,207,177",1.207177,2026
935,Sione Vaki,DET,RB,"$1,207,177",1.207177,2026
936,Davis Allen,LAR,TE,"$1,206,244",1.206244,2026
937,Payne Durham,TB,TE,"$1,206,244",1.206244,2026
938,Eric Gray,NYG,RB,"$1,206,244",1.206244,2026
939,Warren McClendon Jr.,LAR,RT,"$1,206,244",1.206244,2026
940,Owen Pappoe,ARI,LB,"$1,206,244",1.206244,2026
941,Alex Anzalone,DET,LB/OLB,"$1,200,000",1.2,2026
942,Teven Jenkins,CLE,G,"$1,200,000",1.2,2026
943,Kei'Trel Clark,ARI,CB,"$1,197,153",1.197153,2026
944,Josh Hayes,TB,S,"$1,196,093",1.196093,2026
945,JL Skinner,DEN,S,"$1,194,055",1.194055,2026
946,Tanner McKee,PHI,QB,"$1,191,630",1.19163,2026
947,Luke Wypler,CLE,C,"$1,189,993",1.189993,2026
948,Bryce Baringer,NE,P,"$1,189,614",1.189614,2026
949,Scott Matlock,LAC,FB,"$1,188,074",1.188074,2026
950,John Ojukwu,PHI,LT,"$1,172,500",1.1725,2026
951,DeMarcco Hellams,ATL,S,"$1,171,575",1.171575,2026
952,Elic Ayomanor,TEN,WR,"$1,171,454",1.171454,2026
953,Joshua Farmer,NE,DL/DT,"$1,171,454",1.171454,2026
954,Tonka Hemingway,LV,ED/DE,"$1,171,454",1.171454,2026
955,Jordan Watkins,SF,WR,"$1,171,454",1.171454,2026
956,Cooper Hodges,JAX,T,"$1,171,372",1.171372,2026
957,Nehemiah Pritchett,SEA,CB,"$1,169,768",1.169768,2026
958,Tarheeb Still,LAC,CB,"$1,168,930",1.16893,2026
959,Jordan Magee,WAS,LB,"$1,167,807",1.167807,2026
960,Kenny McIntosh,SEA,RB,"$1,167,713",1.167713,2026
961,Cory Trice Jr.,PIT,CB,"$1,166,109",1.166109,2026
962,Cam Hart,LAC,CB,"$1,165,982",1.165982,2026
963,D.J. Ivey,CIN,CB,"$1,165,163",1.165163,2026
964,Spencer Anderson,PIT,G,"$1,164,444",1.164444,2026
965,Alex Forsyth,DEN,C,"$1,164,444",1.164444,2026
966,Desjuan Johnson,LAR,DL/DT,"$1,164,444",1.164444,2026
967,Sedrick Van Pran-Granger,BUF,C,"$1,163,813",1.163813,2026
968,Anthony Gould,IND,WR,"$1,163,166",1.163166,2026
969,JD Bertrand,ATL,LB/ILB,"$1,162,506",1.162506,2026
970,Ambry Thomas,PHI,CB,"$1,162,500",1.1625,2026
971,Austin Booker,CHI,ED/DE,"$1,162,285",1.162285,2026
972,Kris Abrams-Draine,DEN,CB,"$1,162,068",1.162068,2026
973,Tommy Eichenberg,LV,LB,"$1,159,428",1.159428,2026
974,Josh Newton,CIN,CB,"$1,159,319",1.159319,2026
975,Spencer Rattler,NO,QB,"$1,159,120",1.15912,2026
976,Jaylon Carlies,IND,S,"$1,159,060",1.15906,2026
977,Jeremiah Trotter Jr.,PHI,LB,"$1,157,117",1.157117,2026
978,Chau Smith-Wade,CAR,CB,"$1,155,996",1.155996,2026
979,Austin Trammell,JAX,WR,"$1,155,000",1.155,2026
980,Hunter Nourzad,KC,C,"$1,154,879",1.154879,2026
981,Christian Jones,ARI,T,"$1,152,614",1.152614,2026
982,Jacob Monk,GB,C,"$1,150,404",1.150404,2026
983,Rasheen Ali,BAL,RB,"$1,147,467",1.147467,2026
984,Tyrone Tracy,NYG,RB,"$1,146,588",1.146588,2026
985,Andre Baccellia,ARI,WR,"$1,145,000",1.145,2026
986,Jakorian Bennett,PHI,CB,"$1,145,000",1.145,2026
987,Jarrick Bernard-Converse,NYG,CB,"$1,145,000",1.145,2026
988,Gary Brightwell,CIN,RB,"$1,145,000",1.145,2026
989,Jalen Brooks,ARI,WR,"$1,145,000",1.145,2026
990,Lawrence Cager,WAS,WR,"$1,145,000",1.145,2026
991,Stephen Carlson,CHI,TE,"$1,145,000",1.145,2026
992,Andre Carter II,WAS,ED/DE,"$1,145,000",1.145,2026
993,Tariq Castro-Fields,PHI,CB,"$1,145,000",1.145,2026
994,Malik Davis,DAL,RB,"$1,145,000",1.145,2026
995,Cory Durden,NE,DL/DT,"$1,145,000",1.145,2026
996,Milo Eifler,SF,LB/ILB,"$1,145,000",1.145,2026
997,Isaiah Foskey,CIN,LB/OLB,"$1,145,000",1.145,2026
998,Jonathan Garvin,CHI,ED/DE,"$1,145,000",1.145,2026
999,Trenton Gill,ATL,P,"$1,145,000",1.145,2026
1000,Xavier Gipson,NYG,WR,"$1,145,000",1.145,2026
1001,Jalen Graham,SF,LB/ILB,"$1,145,000",1.145,2026
1002,Kahlef Hailassie,MIN,S,"$1,145,000",1.145,2026
1003,Elijah Higgins,ARI,TE,"$1,145,000",1.145,2026
1004,Trey Hill,TEN,C,"$1,145,000",1.145,2026
1005,James Houston,DAL,ED/DE,"$1,145,000",1.145,2026
1006,D.J. Johnson,WAS,LB/OLB,"$1,145,000",1.145,2026
1007,Anthony Johnson Jr.,NYG,CB,"$1,145,000",1.145,2026
1008,Kingsley Jonathan,NYJ,ED/DE,"$1,145,000",1.145,2026
1009,Mason Kinsey,TEN,WR,"$1,145,000",1.145,2026
1010,Tyler Lacy,DET,DL/DT,"$1,145,000",1.145,2026
1011,Raheem Layne,NYG,S,"$1,145,000",1.145,2026
1012,Eku Leota,ARI,LB/OLB,"$1,145,000",1.145,2026
1013,Atonio Mafi,LV,G,"$1,145,000",1.145,2026
1014,Brodric Martin,LV,DL/DT,"$1,145,000",1.145,2026
1015,Kaevon Merriweather,HOU,S,"$1,145,000",1.145,2026
1016,Trey Palmer,NO,WR,"$1,145,000",1.145,2026
1017,Zacch Pickens,KC,DL/DT,"$1,145,000",1.145,2026
1018,Asim Richards,NO,RT,"$1,145,000",1.145,2026
1019,Desmond Ridder,GB,QB,"$1,145,000",1.145,2026
1020,Jordon Riley,GB,DL/DT,"$1,145,000",1.145,2026
1021,Jammie Robinson,ATL,S,"$1,145,000",1.145,2026
1022,Josh Sills,IND,G,"$1,145,000",1.145,2026
1023,Kion Smith,MIA,G,"$1,145,000",1.145,2026
1024,Christopher Smith II,NYJ,S,"$1,145,000",1.145,2026
1025,Ben Stille,ATL,DL/DT,"$1,145,000",1.145,2026
1026,Zach Thomas,SF,T,"$1,145,000",1.145,2026
1027,Tre Tomlinson,SF,CB,"$1,145,000",1.145,2026
1028,Eyioma Uwazurike,DEN,DL/DE,"$1,145,000",1.145,2026
1029,Alex Ward,LV,LS,"$1,145,000",1.145,2026
1030,Benton Whitley,TB,DL/DE,"$1,145,000",1.145,2026
1031,Brayden Willis,SF,TE,"$1,145,000",1.145,2026
1032,Russ Yeast,CIN,S,"$1,145,000",1.145,2026
1033,Caelen Carson,DAL,CB,"$1,138,569",1.138569,2026
1034,Isaiah Davis,NYJ,RB,"$1,138,569",1.138569,2026
1035,Jaylan Ford,NO,LB,"$1,138,569",1.138569,2026
1036,Bub Means,NO,WR,"$1,138,569",1.138569,2026
1037,Kitan Oladapo,GB,S,"$1,138,569",1.138569,2026
1038,Javon Solomon,BUF,ED/DE,"$1,138,569",1.138569,2026
1039,Qwan'tez Stiggers,NYJ,CB,"$1,138,569",1.138569,2026
1040,Walter Rouse,MIN,RT,"$1,131,648",1.131648,2026
1041,Logan Lee,PIT,DL/DT,"$1,130,018",1.130018,2026
1042,Marcellas Dial,NE,CB,"$1,128,032",1.128032,2026
1043,David Walker,TB,ED/OLB,"$1,125,815",1.125815,2026
1044,Darius Muasau,NYG,LB,"$1,125,228",1.125228,2026
1045,Tanner Hudson,CIN,TE,"$1,125,000",1.125,2026
1046,Malik Washington,MIA,WR,"$1,124,890",1.12489,2026
1047,Tyrion Ingram-Dawkins,MIN,DL/DE,"$1,124,344",1.124344,2026
1048,Casey Washington,ATL,WR,"$1,123,399",1.123399,2026
1049,Cam Jackson,CAR,DL/DT,"$1,123,289",1.123289,2026
1050,Carson Vinson,BAL,RT,"$1,122,399",1.122399,2026
1051,Jamal Hill,HOU,LB,"$1,122,348",1.122348,2026
1052,Rylie Mills,SEA,DL/DT,"$1,121,875",1.121875,2026
1053,Mekhi Wingo,DET,DL/DT,"$1,121,700",1.1217,2026
1054,Tyler Davis,LAR,DL/DT,"$1,120,638",1.120638,2026
1055,Khristian Boyd,NO,DL/DT,"$1,119,707",1.119707,2026
1056,Jordan Phillips,MIA,DL/DT,"$1,119,576",1.119576,2026
1057,Travis Glover,GB,T,"$1,117,845",1.117845,2026
1058,Will Reichard,MIN,K,"$1,117,655",1.117655,2026
1059,Tylan Grable,BUF,LT,"$1,117,478",1.117478,2026
1060,Shedeur Sanders,CLE,QB,"$1,116,845",1.116845,2026
1061,Mac McWilliams,PHI,CB,"$1,116,030",1.11603,2026
1062,Jordan James,SF,RB,"$1,114,923",1.114923,2026
1063,Ty Hamilton,LAR,DL/DT,"$1,114,647",1.114647,2026
1064,Dylan Laube,LV,RB,"$1,113,798",1.113798,2026
1065,Jaydon Blue,DAL,RB,"$1,111,767",1.111767,2026
1066,Jason Marshall Jr.,MIA,CB,"$1,111,323",1.111323,2026
1067,DJ Giddens,IND,RB,"$1,111,186",1.111186,2026
1068,Shemar James,DAL,LB,"$1,110,859",1.110859,2026
1069,Jalen Rivers,CIN,G,"$1,110,245",1.110245,2026
1070,Reed Blankenship,PHI,S,"$1,110,000",1.11,2026
1071,Cedric Johnson,CIN,ED/DE,"$1,109,597",1.109597,2026
1072,Elijah Klein,TB,G,"$1,109,597",1.109597,2026
1073,Beaux Limmer,LAR,C,"$1,109,597",1.109597,2026
1074,Cam Little,JAX,K,"$1,109,597",1.109597,2026
1075,Christian Mahogany,DET,G,"$1,109,597",1.109597,2026
1076,Jordan Whittington,LAR,WR,"$1,109,597",1.109597,2026
1077,Marcus Mbow,NYG,RT,"$1,109,596",1.109596,2026
1078,Dante Trader Jr.,MIA,S,"$1,108,696",1.108696,2026
1079,Jeffrey Bassa,KC,LB,"$1,108,413",1.108413,2026
1080,Elijah Roberts,TB,DL/DE,"$1,107,448",1.107448,2026
1081,KeAndre Lambert-Smith,LAC,WR,"$1,107,001",1.107001,2026
1082,Marques Sigle,SF,S,"$1,105,594",1.105594,2026
1083,Javontae Jean-Baptiste,WAS,ED/DE,"$1,105,297",1.105297,2026
1084,Daijahn Anthony,CIN,S,"$1,104,446",1.104446,2026
1085,Smael Mondon Jr.,PHI,LB,"$1,103,865",1.103865,2026
1086,Francisco Mauigoa,NYJ,LB,"$1,103,632",1.103632,2026
1087,Mitchell Evans,CAR,TE,"$1,102,742",1.102742,2026
1088,Myles Harden,CLE,CB,"$1,102,583",1.102583,2026
1089,Michael Jurgens,MIN,C,"$1,102,185",1.102185,2026
1090,Levi Drake Rodriguez,MIN,DL/DT,"$1,101,497",1.101497,2026
1091,Matt Lee,CIN,C,"$1,100,438",1.100438,2026
1092,Mecole Hardman,BUF,WR,"$1,100,000",1.1,2026
1093,Yahya Black,PIT,DL/DT,"$1,099,959",1.099959,2026
1094,Oronde Gadsden II,LAC,TE,"$1,098,509",1.098509,2026
1095,Tahj Washington,MIA,WR,"$1,097,599",1.097599,2026
1096,James Williams,TEN,LB/ILB,"$1,097,373",1.097373,2026
1097,Devin Culp,TB,TE,"$1,096,546",1.096546,2026
1098,Tory Horton,SEA,WR,"$1,096,260",1.09626,2026
1099,Tatum Bethune,SF,LB,"$1,095,452",1.095452,2026
1100,Jaylen Harrell,TEN,ED/OLB,"$1,095,184",1.095184,2026
1101,Jackson Slater,TEN,C,"$1,095,153",1.095153,2026
1102,Shaka Heyward,CIN,LB/OLB,"$1,095,000",1.095,2026
1103,Josh Wallace,LAR,CB,"$1,095,000",1.095,2026
1104,Drew Kendall,PHI,C,"$1,093,769",1.093769,2026
1105,Ethan Driskell,KC,T,"$1,088,334",1.088334,2026
1106,Dalton Tucker,IND,G,"$1,088,334",1.088334,2026
1107,Tyler Baron,NYJ,ED/DE,"$1,085,054",1.085054,2026
1108,Denzel Burke,ARI,CB,"$1,085,054",1.085054,2026
1109,Miles Frazier,DET,G,"$1,085,054",1.085054,2026
1110,Jordan Hancock,BUF,CB,"$1,085,054",1.085054,2026
1111,Jackson Hawes,BUF,TE,"$1,085,054",1.085054,2026
1112,Robbie Ouzts,SEA,TE,"$1,085,054",1.085054,2026
1113,Xavier Weaver,ARI,WR,"$1,085,000",1.085,2026
1114,Frank Crum,DEN,RT,"$1,083,334",1.083334,2026
1115,Storm Duck,MIA,CB,"$1,081,667",1.081667,2026
1116,Braiden McGregor,NYJ,ED/DE,"$1,081,667",1.081667,2026
1117,Tyler Owens,WAS,S,"$1,081,667",1.081667,2026
1118,Brevyn Spann-Ford,DAL,TE,"$1,081,667",1.081667,2026
1119,Nick Broeker,BUF,G,"$1,080,000",1.08,2026
1120,British Brooks,HOU,RB,"$1,080,000",1.08,2026
1121,Jaylen McCollough,LAR,S,"$1,080,000",1.08,2026
1122,Zion Logue,BUF,DL/DT,"$1,078,500",1.0785,2026
1123,Tyrell Shavers,BUF,WR,"$1,078,500",1.0785,2026
1124,Kameron Johnson,TB,WR,"$1,078,334",1.078334,2026
1125,Mason Tipton,NO,WR,"$1,078,334",1.078334,2026
1126,Colson Yankoff,WAS,TE,"$1,078,334",1.078334,2026
1127,Dell Pettus,NE,S,"$1,078,000",1.078,2026
1128,Omar Speights,LAR,LB,"$1,078,000",1.078,2026
1129,David Martin-Robinson,TEN,TE,"$1,077,500",1.0775,2026
1130,Christian Roland-Wallace,KC,S,"$1,076,667",1.076667,2026
1131,Dorian Strong,BUF,CB,"$1,076,339",1.076339,2026
1132,Joe Andreessen,BUF,LB,"$1,075,834",1.075834,2026
1133,Hogan Hatten,DET,LS,"$1,075,334",1.075334,2026
1134,Israel Abanikanda,DAL,RB,"$1,075,000",1.075,2026
1135,Maurice Alexander,CHI,WR,"$1,075,000",1.075,2026
1136,Chigozie Anusiem,LV,CB,"$1,075,000",1.075,2026
1137,Eli Apple,SF,CB,"$1,075,000",1.075,2026
1138,Malaesala Aumavae-Laulu,WAS,G,"$1,075,000",1.075,2026
1139,Kevin Austin,NO,WR,"$1,075,000",1.075,2026
1140,Levelle Bailey,DEN,LB/ILB,"$1,075,000",1.075,2026
1141,Shemar Bartholomew,GB,CB,"$1,075,000",1.075,2026
1142,Ronnie Bell,NO,WR,"$1,075,000",1.075,2026
1143,Chris Blair,ATL,WR,"$1,075,000",1.075,2026
1144,Swayze Bozeman,NYG,ED/OLB,"$1,075,000",1.075,2026
1145,Beau Brade,NYG,S,"$1,075,000",1.075,2026
1146,Kendell Brooks,TEN,S,"$1,075,000",1.075,2026
1147,Brittain Brown,CHI,RB,"$1,075,000",1.075,2026
1148,Jason Brownlee,KC,WR,"$1,075,000",1.075,2026
1149,Jarvis Brownlee Jr.,NYJ,CB,"$1,075,000",1.075,2026
1150,Parris Campbell,DAL,WR,"$1,075,000",1.075,2026
1151,Ja'Tyre Carter,CAR,G,"$1,075,000",1.075,2026
1152,Saahdiq Charles,CAR,G/T,"$1,075,000",1.075,2026
1153,Elijah Chatman,NYG,DL/DT,"$1,075,000",1.075,2026
1154,Dan Chisena,CAR,WR,"$1,075,000",1.075,2026
1155,Ben Cleveland,LAC,G,"$1,075,000",1.075,2026
1156,Sean Clifford,CIN,QB,"$1,075,000",1.075,2026
1157,Tanner Conner,NYG,WR,"$1,075,000",1.075,2026
1158,Dylan Cook,PIT,TE,"$1,075,000",1.075,2026
1159,Jaden Crumedy,GB,ED/DE,"$1,075,000",1.075,2026
1160,McClendon Curtis,LV,G,"$1,075,000",1.075,2026
1161,Jamin Davis,LV,LB/OLB,"$1,075,000",1.075,2026
1162,Phillip Dorsett,LV,WR,"$1,075,000",1.075,2026
1163,Colton Dowell,SF,WR,"$1,075,000",1.075,2026
1164,Audric Estim,NO,RB,"$1,075,000",1.075,2026
1165,Ryan Flournoy,DAL,WR,"$1,075,000",1.075,2026
1166,Dallis Flowers,CHI,CB,"$1,075,000",1.075,2026
1167,Darrick Forrest,SF,S,"$1,075,000",1.075,2026
1168,Ali Gaye,TEN,ED/OLB,"$1,075,000",1.075,2026
1169,Julian Good-Jones,WAS,G,"$1,075,000",1.075,2026
1170,Cam Grandy,CIN,TE,"$1,075,000",1.075,2026
1171,C.J. Hanson,KC,G,"$1,075,000",1.075,2026
1172,Thomas Harper,DET,S,"$1,075,000",1.075,2026
1173,Sam Hartman,WAS,QB,"$1,075,000",1.075,2026
1174,Lucas Havrisik,GB,K,"$1,075,000",1.075,2026
1175,Tre Hawkins III,WAS,CB,"$1,075,000",1.075,2026
1176,K.J. Henry,PIT,DL/DE,"$1,075,000",1.075,2026
1177,Timothy Horne,TEN,DL/DT,"$1,075,000",1.075,2026
1178,Evan Hull,NO,RB,"$1,075,000",1.075,2026
1179,Brennan Jackson,LV,LB/OLB,"$1,075,000",1.075,2026
1180,Shedrick Jackson,LV,WR,"$1,075,000",1.075,2026
1181,Demontrey Jacobs,ARI,LT,"$1,075,000",1.075,2026
1182,DShawn Jamison,PIT,CB,"$1,075,000",1.075,2026
1183,Jordan Jefferson,CIN,DL/DT,"$1,075,000",1.075,2026
1184,Terrell Jennings,NE,RB,"$1,075,000",1.075,2026
1185,Michael Jerrell,ATL,T,"$1,075,000",1.075,2026
1186,Tim Jones,JAX,WR,"$1,075,000",1.075,2026
1187,Andre Jones Jr.,BUF,ED/DE,"$1,075,000",1.075,2026
1188,Nikola Kalinic,CHI,TE,"$1,075,000",1.075,2026
1189,Mohamed Kamara,TB,ED/OLB,"$1,075,000",1.075,2026
1190,Sanoussi Kane,TEN,S,"$1,075,000",1.075,2026
1191,Trevor Keegan,DAL,G,"$1,075,000",1.075,2026
1192,Isaiah Land,DAL,ED/DE,"$1,075,000",1.075,2026
1193,Jonah Laulu,LV,DL/DT,"$1,075,000",1.075,2026
1194,DeMarvin Leal,NYG,ED/OLB,"$1,075,000",1.075,2026
1195,Nick Leverett,DAL,G,"$1,075,000",1.075,2026
1196,Ochaun Mathis,NYJ,LB/OLB,"$1,075,000",1.075,2026
1197,Dwight McGlothern,MIN,CB,"$1,075,000",1.075,2026
1198,Sean McKeon,IND,TE,"$1,075,000",1.075,2026
1199,Joshua Miles,LV,RT,"$1,075,000",1.075,2026
1200,Dante Miller,NYG,RB,"$1,075,000",1.075,2026
1201,Joe Milton III,DAL,QB,"$1,075,000",1.075,2026
1202,Jarius Monroe,NYJ,CB,"$1,075,000",1.075,2026
1203,Jimmy Morrissey,IND,C,"$1,075,000",1.075,2026
1204,Bill Murray,IND,G,"$1,075,000",1.075,2026
1205,Maema Njongmeta,CAR,ED/OLB,"$1,075,000",1.075,2026
1206,Albert Okwuegbunam,LV,TE,"$1,075,000",1.075,2026
1207,Amani Oruwariye,BAL,CB,"$1,075,000",1.075,2026
1208,Brandon Parker,SF,RT,"$1,075,000",1.075,2026
1209,Rico Payton,NYG,CB,"$1,075,000",1.075,2026
1210,Tyre Phillips,CLE,T,"$1,075,000",1.075,2026
1211,Ryan Rehkow,CIN,P,"$1,075,000",1.075,2026
1212,Demani Richardson,CAR,S,"$1,075,000",1.075,2026
1213,Josh Ross,MIN,LB/ILB,"$1,075,000",1.075,2026
1214,Darius Rush,WAS,CB,"$1,075,000",1.075,2026
1215,Nick Samac,CAR,C,"$1,075,000",1.075,2026
1216,Cody Schrader,DEN,RB,"$1,075,000",1.075,2026
1217,Tyler Scott,LAR,WR,"$1,075,000",1.075,2026
1218,Nephi Sewell,CHI,LB/ILB,"$1,075,000",1.075,2026
1219,Justin Shorter,LV,TE,"$1,075,000",1.075,2026
1220,Jaylin Simpson,GB,S,"$1,075,000",1.075,2026
1221,Chris Smith,DET,DL/DT,"$1,075,000",1.075,2026
1222,Keidron Smith,NYJ,S,"$1,075,000",1.075,2026
1223,Tyreke Smith,KC,LB/OLB,"$1,075,000",1.075,2026
1224,Ihmir Smith-Marsette,ARI,WR,"$1,075,000",1.075,2026
1225,Sidy Sow,HOU,G,"$1,075,000",1.075,2026
1226,Isaiah Stalbird,NO,LB/ILB,"$1,075,000",1.075,2026
1227,Loren Strickland,DET,S,"$1,075,000",1.075,2026
1228,Pierre Strong,GB,RB,"$1,075,000",1.075,2026
1229,Jalen Sundell,SEA,C,"$1,075,000",1.075,2026
1230,Taki Taimani,MIN,DL/DT,"$1,075,000",1.075,2026
1231,Xavier Thomas,HOU,ED/DE,"$1,075,000",1.075,2026
1232,Calvin Throckmorton,DEN,G,"$1,075,000",1.075,2026
1233,Mitchell Tinsley,CIN,WR,"$1,075,000",1.075,2026
1234,Samori Toure,NO,WR,"$1,075,000",1.075,2026
1235,Marlon Tuipulotu,NYG,DL/DT,"$1,075,000",1.075,2026
1236,Cole Turner,MIA,TE,"$1,075,000",1.075,2026
1237,Malik Turner,SF,WR,"$1,075,000",1.075,2026
1238,Edefuan Ulofoshio,CLE,LB,"$1,075,000",1.075,2026
1239,Deuce Vaughn,DEN,RB,"$1,075,000",1.075,2026
1240,Devaughn Vele,NO,WR,"$1,075,000",1.075,2026
1241,Matt Waletzko,KC,RT,"$1,075,000",1.075,2026
1242,Carter Warren,MIA,RT,"$1,075,000",1.075,2026
1243,Quez Watkins,PHI,WR,"$1,075,000",1.075,2026
1244,Nathaniel Watson,CLE,LB/OLB,"$1,075,000",1.075,2026
1245,Eric Watts,NYJ,ED/DE,"$1,075,000",1.075,2026
1246,Damarion Williams,TB,CB,"$1,075,000",1.075,2026
1247,Isaiah Williams,NYJ,WR,"$1,075,000",1.075,2026
1248,Perrion Winfrey,DAL,DL/DT,"$1,075,000",1.075,2026
1249,Samuel Womack,NYJ,CB,"$1,075,000",1.075,2026
1250,Charles Woods,NE,CB,"$1,075,000",1.075,2026
1251,Bailey Zappe,NYJ,QB,"$1,075,000",1.075,2026
1252,Ollie Gordon II,MIA,RB,"$1,073,166",1.073166,2026
1253,JJ Pegues,LV,DL/DT,"$1,071,785",1.071785,2026
1254,Andres Borregales,NE,K,"$1,069,121",1.069121,2026
1255,Marcus Harris,TEN,CB,"$1,068,254",1.068254,2026
1256,Devin Neal,NO,RB,"$1,067,828",1.067828,2026
1257,Will Howard,PIT,QB,"$1,067,025",1.067025,2026
1258,Tyler Loop,BAL,K,"$1,066,193",1.066193,2026
1259,Jaylen Reed,HOU,S,"$1,065,950",1.06595,2026
1260,Kalel Mullings,TEN,RB,"$1,064,626",1.064626,2026
1261,Riley Leonard,IND,QB,"$1,063,811",1.063811,2026
1262,Bryce Cabeldue,SEA,G,"$1,063,065",1.063065,2026
1263,Tahj Brooks,CIN,RB,"$1,062,714",1.062714,2026
1264,Luke Newman,CHI,G,"$1,062,515",1.062515,2026
1265,Graham Mertz,HOU,QB,"$1,062,121",1.062121,2026
1266,Warren Brinson,GB,DL/DT,"$1,061,596",1.061596,2026
1267,Rayuan Lane III,JAX,S,"$1,060,544",1.060544,2026
1268,LaJohntay Wester,BAL,WR,"$1,058,717",1.058717,2026
1269,Ajani Cornelius,DAL,RT,"$1,058,494",1.058494,2026
1270,Kain Medrano,WAS,LB,"$1,057,086",1.057086,2026
1271,Chase Lundt,BUF,RT,"$1,056,231",1.056231,2026
1272,Johnny Wilson,PHI,WR,"$1,054,252",1.054252,2026
1273,Jimmy Horn Jr.,CAR,WR,"$1,053,860",1.05386,2026
1274,Hayden Conner,ARI,G,"$1,048,570",1.04857,2026
1275,Jeremy Crawshaw,DEN,P,"$1,048,570",1.04857,2026
1276,Robert Longerbeam,BAL,CB,"$1,048,570",1.04857,2026
1277,R.J. Mickens,LAC,S,"$1,048,570",1.04857,2026
1278,Aeneas Peebles,BAL,DL/DE,"$1,048,570",1.04857,2026
1279,Jay Toia,DAL,DL/DT,"$1,043,279",1.043279,2026
1280,Jack Nelson,ATL,RT,"$1,043,154",1.043154,2026
1281,Thomas Fidone II,NYG,TE,"$1,042,379",1.042379,2026
1282,Marcus Bryant,NE,RT,"$1,042,082",1.042082,2026
1283,Jonah Monheim,JAX,C,"$1,041,077",1.041077,2026
1284,Cody Lindenberg,LV,LB,"$1,040,292",1.040292,2026
1285,Kitan Crawford,ARI,S,"$1,039,471",1.039471,2026
1286,Carson Bruener,PIT,LB,"$1,039,235",1.039235,2026
1287,Brashard Smith,KC,RB,"$1,038,369",1.038369,2026
1288,Donte Kent,PIT,CB,"$1,038,364",1.038364,2026
1289,Dan Jackson,DET,S,"$1,037,906",1.037906,2026
1290,Quinn Ewers,MIA,QB,"$1,037,894",1.037894,2026
1291,Kyle Monangai,CHI,RB,"$1,037,035",1.037035,2026
1292,Mason Richman,SEA,G,"$1,036,481",1.036481,2026
1293,Tez Johnson,TB,WR,"$1,035,985",1.035985,2026
1294,Alijah Huzzie,HOU,CB,"$1,035,000",1.035,2026
1295,LeQuint Allen,JAX,RB,"$1,034,689",1.034689,2026
1296,Nick Gargiulo,DEN,G,"$1,034,000",1.034,2026
1297,Konata Mumpfield,LAR,WR,"$1,032,134",1.032134,2026
1298,Dominic Lovett,DET,WR,"$1,031,693",1.031693,2026
1299,Nathan Thomas,DAL,LT,"$1,031,493",1.031493,2026
1300,Jacory Croskey-Merritt,WAS,RB,"$1,031,357",1.031357,2026
1301,Julian Ashby,NE,LS,"$1,030,418",1.030418,2026
1302,Zeek Biggers,MIA,DL/DT,"$1,030,418",1.030418,2026
1303,Connor Colby,SF,G,"$1,030,416",1.030416,2026
1304,Chance Campbell,PHI,LB/ILB,"$1,030,000",1.03,2026
1305,E.J. Jenkins,PHI,TE,"$1,025,166",1.025166,2026
1306,Benjamin Chukwuma,TB,RT,"$1,023,333",1.023333,2026
1307,Isaiah Bond,CLE,WR,"$1,022,666",1.022666,2026
1308,Beaux Collins,NYG,WR,"$1,017,000",1.017,2026
1309,Josh Fryar,ARI,RT,"$1,016,666",1.016666,2026
1310,Johnathan Edwards,IND,S,"$1,015,000",1.015,2026
1311,Connor O'Toole,SEA,ED/OLB,"$1,015,000",1.015,2026
1312,J.J. Roberts,TB,S,"$1,015,000",1.015,2026
1313,Tyler Batty,MIN,ED/OLB,"$1,013,333",1.013333,2026
1314,Efton Chism III,NE,WR,"$1,013,333",1.013333,2026
1315,Shaun Dolac,LAR,LB,"$1,013,333",1.013333,2026
1316,Nick Kallerup,SEA,TE,"$1,013,333",1.013333,2026
1317,Lan Larison,NE,RB,"$1,013,333",1.013333,2026
1318,Torriccelli Simpkins III,NO,G,"$1,013,333",1.013333,2026
1319,Chaz Chambliss,MIN,ED/OLB,"$1,011,666",1.011666,2026
1320,Jay Higgins,BAL,LB/ILB,"$1,011,666",1.011666,2026
1321,Adin Huntington,CLE,DL/DT,"$1,011,666",1.011666,2026
1322,Danny Striggow,JAX,ED/DE,"$1,011,666",1.011666,2026
1323,Jahdae Walker,CHI,WR,"$1,011,666",1.011666,2026
1324,Ben Yurosek,MIN,TE,"$1,011,666",1.011666,2026
1325,Ajani Carter,HOU,CB,"$1,010,000",1.01,2026
1326,Nate Carter,ATL,RB,"$1,010,000",1.01,2026
1327,Darius Cooper,PHI,WR,"$1,010,000",1.01,2026
1328,Ryan Fitzgerald,CAR,K,"$1,010,000",1.01,2026
1329,Jared Ivey,SEA,DL/DE,"$1,010,000",1.01,2026
1330,Jawhar Jordan,HOU,RB,"$1,010,000",1.01,2026
1331,Brock Lampe,NE,FB,"$1,010,000",1.01,2026
1332,Bam Martin-Scott,CAR,LB/ILB,"$1,010,000",1.01,2026
1333,Andrew Meyer,MIA,C,"$1,010,000",1.01,2026
1334,Elijah Ponder,NE,ED/OLB,"$1,010,000",1.01,2026
1335,Nikko Reed,LAC,CB,"$1,010,000",1.01,2026
1336,Karene Reid,DEN,LB,"$1,010,000",1.01,2026
1337,Nazir Stackhouse,GB,DL/DT,"$1,010,000",1.01,2026
1338,Austin Brinkman,HOU,LS,"$1,008,333",1.008333,2026
1339,Max Brosmer,MIN,QB,"$1,008,333",1.008333,2026
1340,Joe Huber,MIN,G,"$1,008,333",1.008333,2026
1341,Ale Kaho,WAS,LB,"$1,008,333",1.008333,2026
1342,Easton Mascarenas-Arnold,CLE,LB,"$1,008,333",1.008333,2026
1343,Donovan McMillon,CLE,S,"$1,008,333",1.008333,2026
1344,Jordan Oladokun,LAC,CB,"$1,008,333",1.008333,2026
1345,Corey Thornton,CAR,CB,"$1,008,333",1.008333,2026
1346,William Wagner,CIN,LS,"$1,008,333",1.008333,2026
1347,Keonta Jenkins,BUF,LB,"$1,008,000",1.008,2026
1348,Marlowe Wax,LAC,LB,"$1,006,000",1.006,2026
1349,B.J. Green,JAX,ED/DE,"$1,005,833",1.005833,2026
1350,Austin Ajiake,IND,LB/ILB,"$1,005,000",1.005,2026
1351,Evan Anderson,SF,DL/DT,"$1,005,000",1.005,2026
1352,Liam Anderson,CIN,LB/OLB,"$1,005,000",1.005,2026
1353,A.J. Arcuri,LAR,LT,"$1,005,000",1.005,2026
1354,Johnathan Baldwin,GB,S,"$1,005,000",1.005,2026
1355,Brant Banks,GB,G,"$1,005,000",1.005,2026
1356,Marcus Banks,TB,S,"$1,005,000",1.005,2026
1357,Justin Barron,DAL,WR,"$1,005,000",1.005,2026
1358,Jaheim Bell,PHI,TE,"$1,005,000",1.005,2026
1359,Beanie Bishop,NO,CB,"$1,005,000",1.005,2026
1360,Korie Black,NYG,CB,"$1,005,000",1.005,2026
1361,Carter Bradley,JAX,QB,"$1,005,000",1.005,2026
1362,Will Bradley-King,SF,LB/OLB,"$1,005,000",1.005,2026
1363,Trikweze Bridges,DAL,CB,"$1,005,000",1.005,2026
1364,Omar Brown,MIA,S,"$1,005,000",1.005,2026
1365,Cobee Bryant,ATL,CB,"$1,005,000",1.005,2026
1366,John Bullock,IND,LB,"$1,005,000",1.005,2026
1367,Jeremiah Byers,CLE,T,"$1,005,000",1.005,2026
1368,Henry Byrd,MIN,G,"$1,005,000",1.005,2026
1369,Solomon Byrd,HOU,ED/DE,"$1,005,000",1.005,2026
1370,Dalen Cambre,NYG,WR,"$1,005,000",1.005,2026
1371,Dalevon Campbell,LAC,WR,"$1,005,000",1.005,2026
1372,Sebastian Castro,PIT,S,"$1,005,000",1.005,2026
1373,Zion Childress,DAL,S,"$1,005,000",1.005,2026
1374,Alijah Clark,DAL,S,"$1,005,000",1.005,2026
1375,Dean Clark,NYJ,S,"$1,005,000",1.005,2026
1376,Jordan Clark,NYJ,CB,"$1,005,000",1.005,2026
1377,Devin Cochran,DET,RT,"$1,005,000",1.005,2026
1378,Jordan Colbert,MIA,S,"$1,005,000",1.005,2026
1379,Myles Cole,NO,DL/DE,"$1,005,000",1.005,2026
1380,Chris Collier,LV,RB,"$1,005,000",1.005,2026
1381,Branson Combs,JAX,LB,"$1,005,000",1.005,2026
1382,Brady Cook,NYJ,QB,"$1,005,000",1.005,2026
1383,Elijah Cooks,NO,WR,"$1,005,000",1.005,2026
1384,Brandon Crenshaw-Dickson,TEN,RT,"$1,005,000",1.005,2026
1385,Howard Cross,CIN,DL/DT,"$1,005,000",1.005,2026
1386,Malik Cunningham,DET,WR,"$1,005,000",1.005,2026
1387,Jaden Davis,ARI,CB,"$1,005,000",1.005,2026
1388,Fadil Diggs,NO,ED/OLB,"$1,005,000",1.005,2026
1389,C.J. Dippre,NE,TE,"$1,005,000",1.005,2026
1390,Ethan Downs,KC,ED/DE,"$1,005,000",1.005,2026
1391,Dylan Drummond,ATL,WR,"$1,005,000",1.005,2026
1392,Chris Edmonds,CLE,S,"$1,005,000",1.005,2026
1393,Donovan Edwards,MIA,RB,"$1,005,000",1.005,2026
1394,Kingsley Eguakun,CLE,C,"$1,005,000",1.005,2026
1395,Rivaldo Fairweather,ARI,TE,"$1,005,000",1.005,2026
1396,Andrew Farmer,SF,LB/OLB,"$1,005,000",1.005,2026
1397,Viliami Fehoko Jr.,IND,ED/DE,"$1,005,000",1.005,2026
1398,Javon Foster,CIN,RT,"$1,005,000",1.005,2026
1399,Tyrek Funderburk,CAR,CB,"$1,005,000",1.005,2026
1400,Chukwuebuka Godrick,KC,T,"$1,005,000",1.005,2026
1401,Anthony Goodlow,PIT,DL/DE,"$1,005,000",1.005,2026
1402,Danny Gray,PHI,WR,"$1,005,000",1.005,2026
1403,Eric Gregory,NE,DL/DT,"$1,005,000",1.005,2026
1404,Luke Haggard,TB,G,"$1,005,000",1.005,2026
1405,Erick Hallett,TEN,S,"$1,005,000",1.005,2026
1406,Dominique Hampton,CHI,S,"$1,005,000",1.005,2026
1407,Jared Harrison-Hunte,CAR,DL/DE,"$1,005,000",1.005,2026
1408,Jahfari Harvey,LV,ED/DE,"$1,005,000",1.005,2026
1409,Marquis Hayes,NYJ,G,"$1,005,000",1.005,2026
1410,Kyle Hergel,CHI,G,"$1,005,000",1.005,2026
1411,Cam Horsley,TEN,DL/DT,"$1,005,000",1.005,2026
1412,Bryan Hudson,NYG,C,"$1,005,000",1.005,2026
1413,Tanner Ingle,LAR,S,"$1,005,000",1.005,2026
1414,Keondre Jackson,BAL,S,"$1,005,000",1.005,2026
1415,Nick Jackson,TB,LB,"$1,005,000",1.005,2026
1416,Brandon Johnson,PHI,CB,"$1,005,000",1.005,2026
1417,Isaiah Johnson,MIA,CB,"$1,005,000",1.005,2026
1418,Jamon Johnson,GB,LB,"$1,005,000",1.005,2026
1419,Dom Jones,CLE,CB,"$1,005,000",1.005,2026
1420,Truman Jones,TEN,ED/OLB,"$1,005,000",1.005,2026
1421,P.J. Jules,CIN,S,"$1,005,000",1.005,2026
1422,Jakobie Keeney-James,GB,WR,"$1,005,000",1.005,2026
1423,Austin Keys,ARI,LB,"$1,005,000",1.005,2026
1424,Amari Kight,SEA,T,"$1,005,000",1.005,2026
1425,Corey Kiner,ARI,RB,"$1,005,000",1.005,2026
1426,Kalen King,ARI,CB,"$1,005,000",1.005,2026
1427,Kobe King,NYJ,LB,"$1,005,000",1.005,2026
1428,Qwuantrezz Knight,WAS,CB,"$1,005,000",1.005,2026
1429,Kevin Knowles,KC,CB,"$1,005,000",1.005,2026
1430,Kai Kroeger,NO,P,"$1,005,000",1.005,2026
1431,Jamree Kromah,CHI,ED/DE,"$1,005,000",1.005,2026
1432,Jake Kubas,NYG,G,"$1,005,000",1.005,2026
1433,Cam Lampkin,LAR,CB,"$1,005,000",1.005,2026
1434,Willie Lampkin,PHI,G,"$1,005,000",1.005,2026
1435,Gage Larvadain,CLE,WR,"$1,005,000",1.005,2026
1436,Cameron Latu,PHI,TE,"$1,005,000",1.005,2026
1437,Keleki Latu,BUF,TE,"$1,005,000",1.005,2026
1438,Sataoa Laumea,PIT,G,"$1,005,000",1.005,2026
1439,Ricky Lee,JAX,LT,"$1,005,000",1.005,2026
1440,Kohl Levao,NYJ,G,"$1,005,000",1.005,2026
1441,KT Leveston,CLE,G,"$1,005,000",1.005,2026
1442,Reuben Lowery III,IND,CB,"$1,005,000",1.005,2026
1443,Bralyn Lux,CIN,CB,"$1,005,000",1.005,2026
1444,Jason Maitre,MIA,CB,"$1,005,000",1.005,2026
1445,Keyon Martin,BAL,S,"$1,005,000",1.005,2026
1446,Adrian Martinez,SF,QB,"$1,005,000",1.005,2026
1447,Moliki Matavao,NO,TE,"$1,005,000",1.005,2026
1448,Dorian Mausi,TEN,LB,"$1,005,000",1.005,2026
1449,Cooper McDonald,KC,LB/OLB,"$1,005,000",1.005,2026
1450,Tanner McLachlan,LAC,TE,"$1,005,000",1.005,2026
1451,Dylan McMahon,LAR,C,"$1,005,000",1.005,2026
1452,Patrick McMorris,NYG,S,"$1,005,000",1.005,2026
1453,Austin McNamara,NYJ,P,"$1,005,000",1.005,2026
1454,Cam Miller,MIA,QB,"$1,005,000",1.005,2026
1455,Kobee Minor,NE,S,"$1,005,000",1.005,2026
1456,Zaire Mitchell-Paden,NO,TE,"$1,005,000",1.005,2026
1457,Drew Moss,TEN,G,"$1,005,000",1.005,2026
1458,Durell Nchami,IND,ED/DE,"$1,005,000",1.005,2026
1459,Elias Neal,LAR,LB/ILB,"$1,005,000",1.005,2026
1460,Chris Oladokun,KC,QB,"$1,005,000",1.005,2026
1461,Gervarrius Owens,CHI,S,"$1,005,000",1.005,2026
1462,Payton Page,NYJ,DL/DT,"$1,005,000",1.005,2026
1463,Tejhaun Palmer,ARI,WR,"$1,005,000",1.005,2026
1464,Esa Pole,KC,T,"$1,005,000",1.005,2026
1465,Myles Price,MIN,WR,"$1,005,000",1.005,2026
1466,Jose Ramirez,PHI,ED/OLB,"$1,005,000",1.005,2026
1467,Brenden Rice,LV,WR,"$1,005,000",1.005,2026
1468,Ethan Robinson,MIA,CB,"$1,005,000",1.005,2026
1469,Layden Robinson,LV,G,"$1,005,000",1.005,2026
1470,Micah Robinson,TEN,S,"$1,005,000",1.005,2026
1471,Hayden Rucci,SF,TE,"$1,005,000",1.005,2026
1472,Carter Runyon,LV,TE,"$1,005,000",1.005,2026
1473,Andre Sam,PHI,S,"$1,005,000",1.005,2026
1474,Raheim Sanders,CLE,RB,"$1,005,000",1.005,2026
1475,Ben Sauls,NYG,K,"$1,005,000",1.005,2026
1476,Jacob Saylors,DET,RB,"$1,005,000",1.005,2026
1477,Will Sherman,NO,G,"$1,005,000",1.005,2026
1478,Cam'Ron Silmon-Craig,JAX,S,"$1,005,000",1.005,2026
1479,Elijah Simmons,TB,DL/DT,"$1,005,000",1.005,2026
1480,Quentin Skinner,NYJ,WR,"$1,005,000",1.005,2026
1481,Kedon Slovis,ARI,QB,"$1,005,000",1.005,2026
1482,Ainias Smith,CAR,WR,"$1,005,000",1.005,2026
1483,Melvin Smith Jr.,KC,CB,"$1,005,000",1.005,2026
1484,Charlie Smyth,NO,K,"$1,005,000",1.005,2026
1485,Carson Steele,PHI,RB,"$1,005,000",1.005,2026
1486,Andrew Stueber,ATL,LT,"$1,005,000",1.005,2026
1487,Bradyn Swinson,NE,ED/OLB,"$1,005,000",1.005,2026
1488,Messiah Swinson,GB,TE,"$1,005,000",1.005,2026
1489,Reese Taylor,DEN,CB,"$1,005,000",1.005,2026
1490,Xavier Truss,NO,G,"$1,005,000",1.005,2026
1491,Jordan Turner,DEN,ED/OLB,"$1,005,000",1.005,2026
1492,Sebastian Valdez,SF,DL/DT,"$1,005,000",1.005,2026
1493,Greedy Vance Jr.,LV,CB,"$1,005,000",1.005,2026
1494,Zemaiah Vaughn,MIN,CB,"$1,005,000",1.005,2026
1495,Trey Washington,IND,S,"$1,005,000",1.005,2026
1496,Carlos Washington Jr.,ATL,RB,"$1,005,000",1.005,2026
1497,Blake Watson,TEN,RB,"$1,005,000",1.005,2026
1498,Jared Wayne,HOU,WR,"$1,005,000",1.005,2026
1499,Theo Wease Jr.,MIA,WR,"$1,005,000",1.005,2026
1500,Treyton Welch,NO,TE,"$1,005,000",1.005,2026
1501,Nick Whiteside,DET,CB,"$1,005,000",1.005,2026
1502,Elijah Williams,MIN,DL/DE,"$1,005,000",1.005,2026
1503,Josh Williams,TB,RB,"$1,005,000",1.005,2026
1504,KeShawn Williams,CIN,WR,"$1,005,000",1.005,2026
1505,Jacoby Windmon,CAR,LB/ILB,"$1,005,000",1.005,2026
1506,Rashad Wisdom,TB,S,"$1,005,000",1.005,2026
1507,Julius Wood,DAL,S,"$1,005,000",1.005,2026
1508,Jackson Woodard,MIA,LB,"$1,005,000",1.005,2026
1509,Owen Wright,TB,RB,"$1,005,000",1.005,2026
1510,Rejzohn Wright,NO,CB,"$1,005,000",1.005,2026
1511,Collin Oliver,GB,ED/DE,"$986,021",0.986021,2026
1512,Ahmed Hassanein,DET,ED/DE,"$985,000",0.985,2026
1513,Zah Frazier,CHI,CB,"$965,054",0.965054,2026
1514,Cameron Williams,PHI,RT,"$960,393",0.960393,2026
1515,Bilhal Kone,BAL,CB,"$954,286",0.954286,2026
1516,Myles Hinton,PHI,T,"$943,316",0.943316,2026
1517,Jalen McLeod,JAX,LB/OLB,"$942,632",0.942632,2026
1518,Gavin Bartholomew,MIN,TE,"$938,956",0.938956,2026
1519,Kyonte Hamilton,HOU,DL/DT,"$919,582",0.919582,2026
1520,Patrick Herbert,JAX,TE,"$918,667",0.918667,2026
1521,Kurtis Rourke,SF,QB,"$918,559",0.918559,2026
1522,Hunter Wohler,IND,S,"$917,767",0.917767,2026
1523,Phil Mafah,DAL,RB,"$912,883",0.912883,2026
1524,John Williams,GB,G,"$910,418",0.910418,2026
1525,Garrett Greene,TB,WR,"$902,500",0.9025,2026
1526,Valentin Senn,ARI,G,"$898,333",0.898333,2026
1527,Jake Briningstool,KC,TE,"$895,000",0.895,2026
1528,Da'Quan Felton,NYG,WR,"$895,000",0.895,2026
1529,Wande Owens,BUF,S,"$893,333",0.893333,2026
1530,Jakob Robinson,SF,CB,"$891,666",0.891666,2026
1531,Eric Rogers,LAC,CB,"$891,666",0.891666,2026
1532,Johnny Walker,DEN,DL/DE,"$891,666",0.891666,2026
1533,Popo Aumavae,CAR,DL/DE,"$890,000",0.89,2026
1534,Jalin Conyers,MIA,TE,"$890,000",0.89,2026
1535,Brandon George,KC,LB,"$890,000",0.89,2026
1536,Justin Osborne,CLE,C,"$890,000",0.89,2026
1537,Savion Washington,LAC,T,"$890,000",0.89,2026
1538,Travis Clayton,BUF,T,"$889,250",0.88925,2026
1539,Stephen Gosnell,BUF,WR,"$889,250",0.88925,2026
1540,Damien Alford,NO,WR,"$888,333",0.888333,2026
1541,Zeke Correll,MIN,C,"$888,333",0.888333,2026
1542,Josh Fuga,LAC,DL/DT,"$888,333",0.888333,2026
1543,Gus Hartwig,NYJ,C,"$888,333",0.888333,2026
1544,Dohnte Meyers,CIN,WR,"$888,333",0.888333,2026
1545,Malik Verdon,ATL,LB,"$888,333",0.888333,2026
1546,Devin Veresuk,IND,LB,"$888,333",0.888333,2026
1547,Tommy Akingbesote,BUF,DL/DT,"$887,500",0.8875,2026
1548,Te'Cory Couch,BUF,CB,"$887,250",0.88725,2026
1549,Jimmy Ciarlo,BUF,LB,"$886,750",0.88675,2026
1550,Kye Robichaux,DET,RB,"$886,666",0.886666,2026
1551,MJ Devonshire,BUF,CB,"$885,750",0.88575,2026
1552,T.J. Moore,NYG,S,"$885,333",0.885333,2026
1553,Isaac Alarcon,SF,OL,"$885,000",0.885,2026
1554,Andrew Armstrong,KC,WR,"$885,000",0.885,2026
1555,Kam Arnold,KC,LB,"$885,000",0.885,2026
1556,Ricky Barber,WAS,DL/DT,"$885,000",0.885,2026
1557,Dante Barnett,GB,DL/DT,"$885,000",0.885,2026
1558,Karsen Barnhart,GB,G,"$885,000",0.885,2026
1559,Jared Bartlett,CAR,LB,"$885,000",0.885,2026
1560,Kyler Baugh,PIT,DL/DT,"$885,000",0.885,2026
1561,Jacob Bayer,CIN,C,"$885,000",0.885,2026
1562,Dalys Beanum,NO,CB,"$885,000",0.885,2026
1563,Ulysses Bentley,IND,RB,"$885,000",0.885,2026
1564,Junior Bergen,SF,WR,"$885,000",0.885,2026
1565,Peter Bowden,LAC,LS,"$885,000",0.885,2026
1566,Wyatt Bowles,LAR,G,"$885,000",0.885,2026
1567,Chandler Brayboy,JAX,WR,"$885,000",0.885,2026
1568,JaCorey Brooks,WAS,WR,"$885,000",0.885,2026
1569,Elliott Brown,ARI,LB,"$885,000",0.885,2026
1570,Cole Burgess,PIT,WR,"$885,000",0.885,2026
1571,Keydrain Calligan,TEN,S,"$885,000",0.885,2026
1572,Anthony Campbell,GB,DL/DT,"$885,000",0.885,2026
1573,Sal Cannella,CLE,TE,"$885,000",0.885,2026
1574,Derrick Canteen,SF,S,"$885,000",0.885,2026
1575,Rob Carter,IND,S,"$885,000",0.885,2026
1576,Jerome Carvin,JAX,G,"$885,000",0.885,2026
1577,McCallan Castles,GB,TE,"$885,000",0.885,2026
1578,Gerad Christian-Lichtenhan,BAL,T,"$885,000",0.885,2026
1579,Andrew Coker,CIN,RT,"$885,000",0.885,2026
1580,Seth Coleman,MIA,ED/DE,"$885,000",0.885,2026
1581,Jack Conley,CLE,G,"$885,000",0.885,2026
1582,Nik Constantinou,CLE,P,"$885,000",0.885,2026
1583,Dalton Cooper,GB,T,"$885,000",0.885,2026
1584,Tyler Cooper,WAS,G,"$885,000",0.885,2026
1585,Keith Cooper Jr.,MIA,DL/DT,"$885,000",0.885,2026
1586,Eli Cox,HOU,C,"$885,000",0.885,2026
1587,Drake Dabney,GB,TE,"$885,000",0.885,2026
1588,Mac Dalena,NYJ,WR,"$885,000",0.885,2026
1589,Braeden Daniels,MIA,LT,"$885,000",0.885,2026
1590,Joaquin Davis,MIN,WR,"$885,000",0.885,2026
1591,Elliott Davison,NO,S,"$885,000",0.885,2026
1592,David Ebuka Agoha,TEN,DL/DT,"$885,000",0.885,2026
1593,TeRah Edwards,LAC,DL/DT,"$885,000",0.885,2026
1594,Tru Edwards,LAR,WR,"$885,000",0.885,2026
1595,Wyett Ekeler,IND,S,"$885,000",0.885,2026
1596,Luke Elkin,CHI,LS,"$885,000",0.885,2026
1597,James Ester,GB,DL/DT,"$885,000",0.885,2026
1598,Caleb Etienne,MIN,T,"$885,000",0.885,2026
1599,Dontae Fleming,MIN,WR,"$885,000",0.885,2026
1600,Luke Floriea,CLE,WR,"$885,000",0.885,2026
1601,Marshall Foerner,TB,T,"$885,000",0.885,2026
1602,Trace Ford,NYG,ED/OLB,"$885,000",0.885,2026
1603,Liam Fornadel,NYJ,G,"$885,000",0.885,2026
1604,J.J. Galbreath,PIT,TE,"$885,000",0.885,2026
1605,Frank Gore Jr.,BUF,RB,"$885,000",0.885,2026
1606,Joshua Gray,CAR,G,"$885,000",0.885,2026
1607,Bryson Green,ARI,WR,"$885,000",0.885,2026
1608,Luke Grimm,LAC,WR,"$885,000",0.885,2026
1609,Gabe Hall,PHI,DL/DE,"$885,000",0.885,2026
1610,Deion Hankins,CHI,RB,"$885,000",0.885,2026
1611,Daequan Hardy,PIT,CB,"$885,000",0.885,2026
1612,Marcus Harris,KC,DL/DT,"$885,000",0.885,2026
1613,Jack Henderson,PIT,S,"$885,000",0.885,2026
1614,LaDarius Henderson,IND,G,"$885,000",0.885,2026
1615,Seth Henigan,IND,QB,"$885,000",0.885,2026
1616,AJ Henning,MIA,WR,"$885,000",0.885,2026
1617,Tyron Herring,GB,S,"$885,000",0.885,2026
1618,Traeshon Holden,DAL,WR,"$885,000",0.885,2026
1619,Jimmy Holiday,KC,WR,"$885,000",0.885,2026
1620,Reid Holskey,NYG,G,"$885,000",0.885,2026
1621,Zach Horton,DET,TE,"$885,000",0.885,2026
1622,Dennis Houston,TB,WR,"$885,000",0.885,2026
1623,Alex Huntley,MIA,ED/DE,"$885,000",0.885,2026
1624,Max Hurleman,PIT,S,"$885,000",0.885,2026
1625,Jaylon Hutchings,MIN,DL/DT,"$885,000",0.885,2026
1626,Nash Hutmacher,TB,DL/DT,"$885,000",0.885,2026
1627,Qadir Ismail,CHI,WR,"$885,000",0.885,2026
1628,Coziah Izzard,NO,DL/DT,"$885,000",0.885,2026
1629,Ja'Quinden Jackson,JAX,RB,"$885,000",0.885,2026
1630,JaQuae Jackson,LAC,WR,"$885,000",0.885,2026
1631,Amar Johnson,LAC,RB,"$885,000",0.885,2026
1632,Cornelius Johnson,BAL,WR,"$885,000",0.885,2026
1633,Emany Johnson,LAC,S,"$885,000",0.885,2026
1634,Marcellus Johnson,DAL,LT,"$885,000",0.885,2026
1635,Montrell Johnson,CAR,RB,"$885,000",0.885,2026
1636,Tysheem Johnson,ATL,S,"$885,000",0.885,2026
1637,Xavier Johnson,CIN,WR,"$885,000",0.885,2026
1638,Jacoby Jones,WAS,WR,"$885,000",0.885,2026
1639,Jayson Jones,TB,DL/DE,"$885,000",0.885,2026
1640,Jeshaun Jones,MIN,WR,"$885,000",0.885,2026
1641,Steven Jones,PIT,G,"$885,000",0.885,2026
1642,Josh Kaltenberger,LAC,C,"$885,000",0.885,2026
1643,Josh Kelly,HOU,WR,"$885,000",0.885,2026
1644,Easton Kilty,NO,T,"$885,000",0.885,2026
1645,Jalen Kimber,CIN,S,"$885,000",0.885,2026
1646,Lenny Krieg,NYJ,K,"$885,000",0.885,2026
1647,Luke Lachey,HOU,TE,"$885,000",0.885,2026
1648,Vershon Lee,MIN,G,"$885,000",0.885,2026
1649,Caleb Lohner,DEN,TE,"$885,000",0.885,2026
1650,Keni-H Lovely,JAX,CB,"$885,000",0.885,2026
1651,Nate Lynn,TEN,DL/DE,"$885,000",0.885,2026
1652,Treven Ma'ae,LV,DL/DT,"$885,000",0.885,2026
1653,T.J. Maguranyanga,WAS,LB/OLB,"$885,000",0.885,2026
1654,Jake Majors,PHI,C,"$885,000",0.885,2026
1655,Dontae Manning,CHI,CB,"$885,000",0.885,2026
1656,Ahmani Marshall,CLE,RB,"$885,000",0.885,2026
1657,Jeremiah Martin,CHI,ED/DE,"$885,000",0.885,2026
1658,Damien Martinez,GB,RB,"$885,000",0.885,2026
1659,Bayron Matos,IND,T,"$885,000",0.885,2026
1660,Kyle McCord,GB,QB,"$885,000",0.885,2026
1661,Rob McDaniel,WAS,CB,"$885,000",0.885,2026
1662,Tim McKay,WAS,G,"$885,000",0.885,2026
1663,Seth McLaughlin,DET,C,"$885,000",0.885,2026
1664,Derrick McLendon,MIA,ED/DE,"$885,000",0.885,2026
1665,Jackson Meeks,DET,WR,"$885,000",0.885,2026
1666,Jordan Miller,DEN,DL/DT,"$885,000",0.885,2026
1667,Mason Miller,DET,T,"$885,000",0.885,2026
1668,Jordan Moore,CIN,WR,"$885,000",0.885,2026
1669,Jabbar Muhammad,JAX,S,"$885,000",0.885,2026
1670,Jamil Muhammad,CAR,ED/OLB,"$885,000",0.885,2026
1671,Mapalo Mwansa,CAR,LB/ILB,"$885,000",0.885,2026
1672,Nick Nash,WAS,WR,"$885,000",0.885,2026
1673,Garrett Nelson,DEN,ED/OLB,"$885,000",0.885,2026
1674,Bryson Nesbit,MIN,TE,"$885,000",0.885,2026
1675,Doug Nester,PIT,LT,"$885,000",0.885,2026
1676,Isaiah Neyor,GB,WR,"$885,000",0.885,2026
1677,Lew Nichols III,PIT,RB,"$885,000",0.885,2026
1678,Ben Nikkel,IND,S,"$885,000",0.885,2026
1679,Bill Norton,LAR,DL/DT,"$885,000",0.885,2026
1680,Drake Nugent,SF,C,"$885,000",0.885,2026
1681,Adedayo Odeleye,DAL,ED/DE,"$885,000",0.885,2026
1682,David Olajiga,BAL,DL/DT,"$885,000",0.885,2026
1683,K.C. Ossai,MIA,LB,"$885,000",0.885,2026
1684,Coleman Owen,IND,WR,"$885,000",0.885,2026
1685,Eli Pancol,IND,WR,"$885,000",0.885,2026
1686,Jared Penning,BAL,G,"$885,000",0.885,2026
1687,Mark Perry,GB,S,"$885,000",0.885,2026
1688,Hollin Pierce,PHI,T,"$885,000",0.885,2026
1689,Bryce Pierre,CAR,TE,"$885,000",0.885,2026
1690,John Rhys Plumlee,PIT,WR,"$885,000",0.885,2026
1691,Daryl Porter,BUF,S,"$885,000",0.885,2026
1692,ShunDerrick Powell,KC,RB,"$885,000",0.885,2026
1693,Antwaun Powell-Ryland,CIN,LB/OLB,"$885,000",0.885,2026
1694,Brennan Presley,LAR,WR,"$885,000",0.885,2026
1695,Hal Presley,TEN,WR,"$885,000",0.885,2026
1696,Jayden Price,NO,CB,"$885,000",0.885,2026
1697,Josh Priebe,MIA,G,"$885,000",0.885,2026
1698,Caden Prieskorn,CLE,TE,"$885,000",0.885,2026
1699,Jamaal Pritchett,NYJ,WR,"$885,000",0.885,2026
1700,Layne Pryor,HOU,TE,"$885,000",0.885,2026
1701,Myles Purchase,NYG,CB,"$885,000",0.885,2026
1702,Isaiah Raikes,TEN,DL/DT,"$885,000",0.885,2026
1703,Garmon Randolph,LAC,ED/OLB,"$885,000",0.885,2026
1704,Mark Redman,LAR,TE,"$885,000",0.885,2026
1705,Ja'Seem Reed,CAR,WR,"$885,000",0.885,2026
1706,Michael Reid,CAR,CB,"$885,000",0.885,2026
1707,Xavier Restrepo,TEN,WR,"$885,000",0.885,2026
1708,John Richardson,CHI,WR,"$885,000",0.885,2026
1709,Cam Riley,TEN,LB,"$885,000",0.885,2026
1710,Jahvaree Ritzie,PIT,DL/DT,"$885,000",0.885,2026
1711,Jacob Roberts,MIN,LB,"$885,000",0.885,2026
1712,Marquise Robinson,BAL,CB,"$885,000",0.885,2026
1713,Keivie Rose,JAX,DL/DT,"$885,000",0.885,2026
1714,Kaimon Rucker,BAL,ED/OLB,"$885,000",0.885,2026
1715,Ben Scott,TB,C,"$885,000",0.885,2026
1716,Lucas Scott,BAL,T,"$885,000",0.885,2026
1717,Will Sheppard,GB,WR,"$885,000",0.885,2026
1718,Joshua Simon,ATL,TE,"$885,000",0.885,2026
1719,Doneiko Slaughter,PIT,S,"$885,000",0.885,2026
1720,Jabari Small,DET,RB,"$885,000",0.885,2026
1721,Brandon Smith,PIT,WR,"$885,000",0.885,2026
1722,Jaden Smith,TB,WR,"$885,000",0.885,2026
1723,Tim Smith,IND,DL/DT,"$885,000",0.885,2026
1724,Junior Tafuna,HOU,DL/DT,"$885,000",0.885,2026
1725,Laki Tasi,LV,DL/DT,"$885,000",0.885,2026
1726,Branson Taylor,LAC,T,"$885,000",0.885,2026
1727,Trevian Thomas,JAX,S,"$885,000",0.885,2026
1728,Lorenzo Thompson,PIT,LT,"$885,000",0.885,2026
1729,Maddux Trujillo,BUF,K,"$885,000",0.885,2026
1730,Anthony Tyus III,CAR,RB,"$885,000",0.885,2026
1731,DJ Uiagalelei,LAC,QB,"$885,000",0.885,2026
1732,Nate Valcarcel,LAR,S,"$885,000",0.885,2026
1733,Joseph Vaughn,IND,LB,"$885,000",0.885,2026
1734,Car'lin Vigers,WAS,CB,"$885,000",0.885,2026
1735,Dalton Wagner,LV,RT,"$885,000",0.885,2026
1736,Tre Watson,KC,TE,"$885,000",0.885,2026
1737,Isas Waxter,LAC,CB,"$885,000",0.885,2026
1738,Clay Webb,TEN,C,"$885,000",0.885,2026
1739,Julius Welschof,PIT,ED/OLB,"$885,000",0.885,2026
1740,Barry Wesley,NO,LT,"$885,000",0.885,2026
1741,Michael Wiley,TB,RB,"$885,000",0.885,2026
1742,Mario Williams,LAR,WR,"$885,000",0.885,2026
1743,Jack Wilson,IND,T,"$885,000",0.885,2026
1744,Joel Wilson,TEN,TE,"$885,000",0.885,2026
1745,Isaiah Wooden,CLE,WR,"$885,000",0.885,2026
1746,A.J. Woods,ATL,CB,"$885,000",0.885,2026
1747,Sal Wormley,JAX,G,"$885,000",0.885,2026
1748,Thomas Yassmin,LAC,TE,"$885,000",0.885,2026
1749,Kilian Zierer,JAX,T,"$885,000",0.885,2026
1750,D.J. Wonnum,CAR,ED/OLB,"$825,000",0.825,2026
1751,Tylan Wallace,BAL,WR,"$744,000",0.744,2026
1752,Joshua Uche,PHI,ED/OLB,"$600,000",0.6,2026
1753,Dyami Brown,JAX,WR,"$481,000",0.481,2026
1754,Kylen Granson,PHI,TE,"$400,000",0.4,2026
1755,Adoree' Jackson,PHI,CB,"$400,000",0.4,2026
1756,Matt Pryor,PHI,G/T,"$80,000",0.08,2026
